SKU,Product,Offer Type,Storefront Status,Primary Family,Included Products,Count,Launch Price,Regular Price,Mac DMG Path,Mac DMG SHA256,Mac PKG Path,Mac PKG SHA256,Windows Installer Path,Windows SHA256,SHA256 Source,Manual Path,Download 1 Name,Download 1 URL,WooCommerce Product URL,Demo Asset URL,Release Gate Status,Next Action,Notes
DIH-GOLD,GOLD,Individual,Full catalog draft,VOCAL_MIC_SOURCE,GOLD,1,$49,$79,/Users/hakeemsalaam/Development/DIH_BUILDS/DIH_FINISHED/release/DIHWorld_Audio_VOCAL_MIC_SOURCE_CURRENT_DEPLOY_20260630_190721/DMGs/Individual/DIHWorld_Audio_GOLD_Installer_20260630_190721.dmg,b4a5400dc9eb908027dbc402460d8ac39c8c604489deacfa8d868132b65e33d1,/Users/hakeemsalaam/Development/DIH_BUILDS/DIH_FINISHED/release/DIHWorld_Audio_VOCAL_MIC_SOURCE_CURRENT_DEPLOY_20260630_190721/PKGs/Individual/DIHWorld_Audio_GOLD_Installer_20260630_190721.pkg,3dce7274e5f4922518e57cdbe47fa521bf62189d0325a90a3f24f5b3799032e0,,,/Users/hakeemsalaam/Development/DIH_BUILDS/DIH_FINISHED/release/DIHWorld_Audio_VOCAL_MIC_SOURCE_CURRENT_DEPLOY_20260630_190721/SHA256SUMS.txt,/Users/hakeemsalaam/Development/DIH_BUILDS/DIH_FAMILIES/DIHWorld_Audio_User_Manual_CURRENT.pdf,GOLD Mac Installer,,,,READY_FOR_UPLOAD_URL,Upload DMG/PKG to protected GoDaddy/WooCommerce storage and paste final download URL.,Current release index artifact. Keep unpublished until download URL and product page are connected.
DIH-SILVER,SILVER,Individual,Full catalog draft,VOCAL_MIC_SOURCE,SILVER,1,$49,$79,/Users/hakeemsalaam/Development/DIH_BUILDS/DIH_FINISHED/release/DIHWorld_Audio_VOCAL_MIC_SOURCE_CURRENT_DEPLOY_20260630_190721/DMGs/Individual/DIHWorld_Audio_SILVER_Installer_20260630_190721.dmg,6f6f446ab17aab49dc994d241ac143098dbeaa663ee9357af42131b239688534,/Users/hakeemsalaam/Development/DIH_BUILDS/DIH_FINISHED/release/DIHWorld_Audio_VOCAL_MIC_SOURCE_CURRENT_DEPLOY_20260630_190721/PKGs/Individual/DIHWorld_Audio_SILVER_Installer_20260630_190721.pkg,e3eeabdb9fe8f7cccf60c159ea755738df862e65db37d4aef065ddbe495f1df6,,,/Users/hakeemsalaam/Development/DIH_BUILDS/DIH_FINISHED/release/DIHWorld_Audio_VOCAL_MIC_SOURCE_CURRENT_DEPLOY_20260630_190721/SHA256SUMS.txt,/Users/hakeemsalaam/Development/DIH_BUILDS/DIH_FAMILIES/DIHWorld_Audio_User_Manual_CURRENT.pdf,SILVER Mac Installer,,,,READY_FOR_UPLOAD_URL,Upload DMG/PKG to protected GoDaddy/WooCommerce storage and paste final download URL.,Current release index artifact. Keep unpublished until download URL and product page are connected.
DIH-WPR,WPR,Individual,Full catalog draft,VOCAL_MIC_SOURCE,WPR,1,$49,$79,/Users/hakeemsalaam/Development/DIH_BUILDS/DIH_FINISHED/release/DIHWorld_Audio_VOCAL_MIC_SOURCE_CURRENT_DEPLOY_20260630_190721/DMGs/Individual/DIHWorld_Audio_WPR_Installer_20260630_190721.dmg,9b62aa290e7bf88e6e54ed784dd23176779f29881b449af27f36fb7e3d393d05,/Users/hakeemsalaam/Development/DIH_BUILDS/DIH_FINISHED/release/DIHWorld_Audio_VOCAL_MIC_SOURCE_CURRENT_DEPLOY_20260630_190721/PKGs/Individual/DIHWorld_Audio_WPR_Installer_20260630_190721.pkg,b4b01524c11ca7cfd0dff497a1ecb9c11c2bfdf703b47f69255a41b9ddba8a34,,,/Users/hakeemsalaam/Development/DIH_BUILDS/DIH_FINISHED/release/DIHWorld_Audio_VOCAL_MIC_SOURCE_CURRENT_DEPLOY_20260630_190721/SHA256SUMS.txt,/Users/hakeemsalaam/Development/DIH_BUILDS/DIH_FAMILIES/DIHWorld_Audio_User_Manual_CURRENT.pdf,WPR Mac Installer,,,,READY_FOR_UPLOAD_URL,Upload DMG/PKG to protected GoDaddy/WooCommerce storage and paste final download URL.,Current release index artifact. Keep unpublished until download URL and product page are connected.
DIH-AEGIS-NOVA,AEGIS NOVA,Individual,Full catalog draft,VOCAL_MIC_SOURCE,AEGIS NOVA,1,$49,$79,/Users/hakeemsalaam/Development/DIH_BUILDS/DIH_FINISHED/release/DIHWorld_Audio_VOCAL_MIC_SOURCE_CURRENT_DEPLOY_20260630_190721/DMGs/Individual/DIHWorld_Audio_AEGIS_NOVA_Installer_20260630_190721.dmg,de1c4f6bdec8e3232127eacc129145c0940155bb6493972f7c82f7b4fba3b10c,/Users/hakeemsalaam/Development/DIH_BUILDS/DIH_FINISHED/release/DIHWorld_Audio_VOCAL_MIC_SOURCE_CURRENT_DEPLOY_20260630_190721/PKGs/Individual/DIHWorld_Audio_AEGIS_NOVA_Installer_20260630_190721.pkg,1ad8484a7e54a4467e8f1f29956b7a7273b742bab5eba7d634273a07295dde05,,,/Users/hakeemsalaam/Development/DIH_BUILDS/DIH_FINISHED/release/DIHWorld_Audio_VOCAL_MIC_SOURCE_CURRENT_DEPLOY_20260630_190721/SHA256SUMS.txt,/Users/hakeemsalaam/Development/DIH_BUILDS/DIH_FAMILIES/DIHWorld_Audio_User_Manual_CURRENT.pdf,AEGIS NOVA Mac Installer,,,,READY_FOR_UPLOAD_URL,Upload DMG/PKG to protected GoDaddy/WooCommerce storage and paste final download URL.,Current release index artifact. Keep unpublished until download URL and product page are connected.
DIH-TRIPLER,TRIPLER,Individual,Full catalog draft,VOCAL_MIC_SOURCE,TRIPLER,1,$49,$79,/Users/hakeemsalaam/Development/DIH_BUILDS/DIH_FINISHED/release/DIHWorld_Audio_VOCAL_MIC_SOURCE_CURRENT_DEPLOY_20260630_190721/DMGs/Individual/DIHWorld_Audio_TRIPLER_Installer_20260630_190721.dmg,39037e1be79afe1398bfcfa0b605f22f1e9560c04c9b1d2403a640f7f078c5ee,/Users/hakeemsalaam/Development/DIH_BUILDS/DIH_FINISHED/release/DIHWorld_Audio_VOCAL_MIC_SOURCE_CURRENT_DEPLOY_20260630_190721/PKGs/Individual/DIHWorld_Audio_TRIPLER_Installer_20260630_190721.pkg,47d0659655a27438b3615f9cee847483775cca0e513420472a04e98cce61dc6d,,,/Users/hakeemsalaam/Development/DIH_BUILDS/DIH_FINISHED/release/DIHWorld_Audio_VOCAL_MIC_SOURCE_CURRENT_DEPLOY_20260630_190721/SHA256SUMS.txt,/Users/hakeemsalaam/Development/DIH_BUILDS/DIH_FAMILIES/DIHWorld_Audio_User_Manual_CURRENT.pdf,TRIPLER Mac Installer,,,,READY_FOR_UPLOAD_URL,Upload DMG/PKG to protected GoDaddy/WooCommerce storage and paste final download URL.,Current release index artifact. Keep unpublished until download URL and product page are connected.
DIH-ECHOLOCATE,EchoLocate,Individual,Full catalog draft,VOCAL_MIC_SOURCE,EchoLocate,1,$49,$79,/Users/hakeemsalaam/Development/DIH_BUILDS/DIH_FINISHED/release/DIHWorld_Audio_VOCAL_MIC_SOURCE_CURRENT_DEPLOY_20260630_190721/DMGs/Individual/DIHWorld_Audio_EchoLocate_Installer_20260630_190721.dmg,5bee4a2271186cda4ba2c8fdf580889d62cdca3f658c309b7083875fbe40eac0,/Users/hakeemsalaam/Development/DIH_BUILDS/DIH_FINISHED/release/DIHWorld_Audio_VOCAL_MIC_SOURCE_CURRENT_DEPLOY_20260630_190721/PKGs/Individual/DIHWorld_Audio_EchoLocate_Installer_20260630_190721.pkg,14d85ff98ddd150f0e3f7ef284cfe4f4402bc8611d774b3743b76d1a0f5071d2,,,/Users/hakeemsalaam/Development/DIH_BUILDS/DIH_FINISHED/release/DIHWorld_Audio_VOCAL_MIC_SOURCE_CURRENT_DEPLOY_20260630_190721/SHA256SUMS.txt,/Users/hakeemsalaam/Development/DIH_BUILDS/DIH_FAMILIES/DIHWorld_Audio_User_Manual_CURRENT.pdf,EchoLocate Mac Installer,,,,READY_FOR_UPLOAD_URL,Upload DMG/PKG to protected GoDaddy/WooCommerce storage and paste final download URL.,Current release index artifact. Keep unpublished until download URL and product page are connected.
DIH-APIS,APIS,Individual,Companion bundle draft,COLOR_AMP_TAPE,APIS,1,$49,$79,/Users/hakeemsalaam/Development/DIH_BUILDS/DIH_FINISHED/release/DIHWorld_Audio_COLOR_AMP_TAPE_CURRENT_DEPLOY_20260630_130135/DMGs/Individual/DIHWorld_Audio_APIS_Installer_20260630_130135.dmg,ddb04b4290a2c03db8e2734538763af1fce43b3ada63c26cb11dd651aa922e2d,/Users/hakeemsalaam/Development/DIH_BUILDS/DIH_FINISHED/release/DIHWorld_Audio_COLOR_AMP_TAPE_CURRENT_DEPLOY_20260630_130135/PKGs/Individual/DIHWorld_Audio_APIS_Installer_20260630_130135.pkg,920bdc1e69e8d7d0229b87b998057521ee30c83ca87ef5aa65722fa1e59689d3,,,/Users/hakeemsalaam/Development/DIH_BUILDS/DIH_FINISHED/release/DIHWorld_Audio_COLOR_AMP_TAPE_CURRENT_DEPLOY_20260630_130135/SHA256SUMS.txt,/Users/hakeemsalaam/Development/DIH_BUILDS/DIH_FAMILIES/DIHWorld_Audio_User_Manual_CURRENT.pdf,APIS Mac Installer,,,,READY_FOR_UPLOAD_URL,Upload DMG/PKG to protected GoDaddy/WooCommerce storage and paste final download URL.,Current release index artifact. Keep unpublished until download URL and product page are connected.
DIH-PTAHTUBE,PTAHTUBE,Individual,Companion bundle draft,COLOR_AMP_TAPE,PTAHTUBE,1,$49,$79,/Users/hakeemsalaam/Development/DIH_BUILDS/DIH_FINISHED/release/DIHWorld_Audio_COLOR_AMP_TAPE_CURRENT_DEPLOY_20260630_130135/DMGs/Individual/DIHWorld_Audio_PtahTube_Installer_20260630_130135.dmg,13b6381d65c9ad6fbc165cb379345bca2289f546790dd9f62f631e83cf7af4df,/Users/hakeemsalaam/Development/DIH_BUILDS/DIH_FINISHED/release/DIHWorld_Audio_COLOR_AMP_TAPE_CURRENT_DEPLOY_20260630_130135/PKGs/Individual/DIHWorld_Audio_PtahTube_Installer_20260630_130135.pkg,64a1cb7e9ce7946c432b3a59afc11d68b3401f3effece4ab005337a91fe4261c,,,/Users/hakeemsalaam/Development/DIH_BUILDS/DIH_FINISHED/release/DIHWorld_Audio_COLOR_AMP_TAPE_CURRENT_DEPLOY_20260630_130135/SHA256SUMS.txt,/Users/hakeemsalaam/Development/DIH_BUILDS/DIH_FAMILIES/DIHWorld_Audio_User_Manual_CURRENT.pdf,PTAHTUBE Mac Installer,,,,READY_FOR_UPLOAD_URL,Upload DMG/PKG to protected GoDaddy/WooCommerce storage and paste final download URL.,Current release index artifact. Keep unpublished until download URL and product page are connected.
DIH-KHEPRI,KHEPRI,Individual,Companion bundle draft,COLOR_AMP_TAPE,KHEPRI,1,$49,$79,/Users/hakeemsalaam/Development/DIH_BUILDS/DIH_FINISHED/release/DIHWorld_Audio_COLOR_AMP_TAPE_CURRENT_DEPLOY_20260630_130135/DMGs/Individual/DIHWorld_Audio_Khepri_Sacred_Tape_Machine_Installer_20260630_130135.dmg,d86b5f77c6412f0b7ce262f3782479ff295e83b82cf85de5be4cf40ea5e341c3,/Users/hakeemsalaam/Development/DIH_BUILDS/DIH_FINISHED/release/DIHWorld_Audio_COLOR_AMP_TAPE_CURRENT_DEPLOY_20260630_130135/PKGs/Individual/DIHWorld_Audio_Khepri_Sacred_Tape_Machine_Installer_20260630_130135.pkg,7f3326e9415a69eb7f541c7d5c49af2c6a5e1b40417553e007fe050e4069bd24,,,/Users/hakeemsalaam/Development/DIH_BUILDS/DIH_FINISHED/release/DIHWorld_Audio_COLOR_AMP_TAPE_CURRENT_DEPLOY_20260630_130135/SHA256SUMS.txt,/Users/hakeemsalaam/Development/DIH_BUILDS/DIH_FAMILIES/DIHWorld_Audio_User_Manual_CURRENT.pdf,KHEPRI Mac Installer,,,,READY_FOR_UPLOAD_URL,Upload DMG/PKG to protected GoDaddy/WooCommerce storage and paste final download URL.,Current release index artifact. Keep unpublished until download URL and product page are connected.
DIH-SOVEREIGN,SOVEREIGN,Individual,Companion bundle draft,COLOR_AMP_TAPE,SOVEREIGN,1,$49,$79,/Users/hakeemsalaam/Development/DIH_BUILDS/DIH_FINISHED/release/DIHWorld_Audio_COLOR_AMP_TAPE_CURRENT_DEPLOY_20260630_130135/DMGs/Individual/DIHWorld_Audio_SOVEREIGN_Installer_20260630_130135.dmg,984c6ea3128310b4e4e1b703b3edd0865ca8a3029f7323844f94d2229319bf32,/Users/hakeemsalaam/Development/DIH_BUILDS/DIH_FINISHED/release/DIHWorld_Audio_COLOR_AMP_TAPE_CURRENT_DEPLOY_20260630_130135/PKGs/Individual/DIHWorld_Audio_SOVEREIGN_Installer_20260630_130135.pkg,667283282e05d4c3a94e0599848242706d223451d102bd8fcdef4d29845ef6a7,,,/Users/hakeemsalaam/Development/DIH_BUILDS/DIH_FINISHED/release/DIHWorld_Audio_COLOR_AMP_TAPE_CURRENT_DEPLOY_20260630_130135/SHA256SUMS.txt,/Users/hakeemsalaam/Development/DIH_BUILDS/DIH_FAMILIES/DIHWorld_Audio_User_Manual_CURRENT.pdf,SOVEREIGN Mac Installer,,,,READY_FOR_UPLOAD_URL,Upload DMG/PKG to protected GoDaddy/WooCommerce storage and paste final download URL.,Current release index artifact. Keep unpublished until download URL and product page are connected.
DIH-ANKH,ANKH,Individual,Companion bundle draft,MASTERING_CORE,ANKH,1,$49,$79,/Users/hakeemsalaam/Development/DIH_BUILDS/DIH_FINISHED/release/DIHWorld_Audio_MASTERING_CORE_CURRENT_DEPLOY_20260630_135105/DMGs/Individual/DIHWorld_Audio_ANKH_Installer_20260630_135105.dmg,9f3b332e8d05d9c9b0491320b537df6f16d6987a901f350c2b7831e205598507,/Users/hakeemsalaam/Development/DIH_BUILDS/DIH_FINISHED/release/DIHWorld_Audio_MASTERING_CORE_CURRENT_DEPLOY_20260630_135105/PKGs/Individual/DIHWorld_Audio_ANKH_Installer_20260630_135105.pkg,58dd1c5070ce81308e6cc2cb66c0e252949610ddbdb3b20df758cb7a2bf0482b,,,/Users/hakeemsalaam/Development/DIH_BUILDS/DIH_FINISHED/release/DIHWorld_Audio_MASTERING_CORE_CURRENT_DEPLOY_20260630_135105/SHA256SUMS.txt,/Users/hakeemsalaam/Development/DIH_BUILDS/DIH_FAMILIES/DIHWorld_Audio_User_Manual_CURRENT.pdf,ANKH Mac Installer,,,,READY_FOR_UPLOAD_URL,Upload DMG/PKG to protected GoDaddy/WooCommerce storage and paste final download URL.,Current release index artifact. Keep unpublished until download URL and product page are connected.
DIH-SPHYNX,SPHYNX,Individual,Companion bundle draft,MASTERING_CORE,SPHYNX,1,$49,$79,/Users/hakeemsalaam/Development/DIH_BUILDS/DIH_FINISHED/release/DIHWorld_Audio_MASTERING_CORE_CURRENT_DEPLOY_20260630_135105/DMGs/Individual/DIHWorld_Audio_SPHYNX_Installer_20260630_135105.dmg,1a1aa51a7429e8b2a424d550c6c5231d42913d4936d12e3e96ab248ccac72422,/Users/hakeemsalaam/Development/DIH_BUILDS/DIH_FINISHED/release/DIHWorld_Audio_MASTERING_CORE_CURRENT_DEPLOY_20260630_135105/PKGs/Individual/DIHWorld_Audio_SPHYNX_Installer_20260630_135105.pkg,405d0b9a0692894848c267f9552d05688bc07d69fac8308ebd6826d0aae8645a,,,/Users/hakeemsalaam/Development/DIH_BUILDS/DIH_FINISHED/release/DIHWorld_Audio_MASTERING_CORE_CURRENT_DEPLOY_20260630_135105/SHA256SUMS.txt,/Users/hakeemsalaam/Development/DIH_BUILDS/DIH_FAMILIES/DIHWorld_Audio_User_Manual_CURRENT.pdf,SPHYNX Mac Installer,,,,READY_FOR_UPLOAD_URL,Upload DMG/PKG to protected GoDaddy/WooCommerce storage and paste final download URL.,Current release index artifact. Keep unpublished until download URL and product page are connected.
DIH-MAAT,MAAT,Individual,Companion bundle draft,MASTERING_CORE,MAAT,1,$49,$79,/Users/hakeemsalaam/Development/DIH_BUILDS/DIH_FINISHED/release/DIHWorld_Audio_MASTERING_CORE_CURRENT_DEPLOY_20260630_135105/DMGs/Individual/DIHWorld_Audio_Maat_Installer_20260630_135105.dmg,92e2d126f0c3545bbf4f0dd1c5bd38c195c19c3b47b196f2a0665a5e90b7df93,/Users/hakeemsalaam/Development/DIH_BUILDS/DIH_FINISHED/release/DIHWorld_Audio_MASTERING_CORE_CURRENT_DEPLOY_20260630_135105/PKGs/Individual/DIHWorld_Audio_Maat_Installer_20260630_135105.pkg,94c1208d8bc6814757e2c75bbf6f6f60fa8509ba926d622fc3877ba7dd2369e1,,,/Users/hakeemsalaam/Development/DIH_BUILDS/DIH_FINISHED/release/DIHWorld_Audio_MASTERING_CORE_CURRENT_DEPLOY_20260630_135105/SHA256SUMS.txt,/Users/hakeemsalaam/Development/DIH_BUILDS/DIH_FAMILIES/DIHWorld_Audio_User_Manual_CURRENT.pdf,MAAT Mac Installer,,,,READY_FOR_UPLOAD_URL,Upload DMG/PKG to protected GoDaddy/WooCommerce storage and paste final download URL.,Current release index artifact. Keep unpublished until download URL and product page are connected.
DIH-HORIZON-X,HORIZON X,Individual,Companion bundle draft,MASTERING_CORE,HORIZON X,1,$49,$79,/Users/hakeemsalaam/Development/DIH_BUILDS/DIH_FINISHED/release/DIHWorld_Audio_MASTERING_CORE_CURRENT_DEPLOY_20260630_135105/DMGs/Individual/DIHWorld_Audio_Horizon_X_Installer_20260630_135105.dmg,142623db25490860f862e3edd95c40001d7d0714ce2cb727803fda2ebf0cc18e,/Users/hakeemsalaam/Development/DIH_BUILDS/DIH_FINISHED/release/DIHWorld_Audio_MASTERING_CORE_CURRENT_DEPLOY_20260630_135105/PKGs/Individual/DIHWorld_Audio_Horizon_X_Installer_20260630_135105.pkg,22b507926a84faa2b77a56682d977958fc2ad00ecf42300f68483000e98ed3b3,,,/Users/hakeemsalaam/Development/DIH_BUILDS/DIH_FINISHED/release/DIHWorld_Audio_MASTERING_CORE_CURRENT_DEPLOY_20260630_135105/SHA256SUMS.txt,/Users/hakeemsalaam/Development/DIH_BUILDS/DIH_FAMILIES/DIHWorld_Audio_User_Manual_CURRENT.pdf,HORIZON X Mac Installer,,,,READY_FOR_UPLOAD_URL,Upload DMG/PKG to protected GoDaddy/WooCommerce storage and paste final download URL.,Current release index artifact. Keep unpublished until download URL and product page are connected.
DIH-PLATINUM,Platinum,Individual,Companion bundle draft,MASTERING_CORE,Platinum,1,$49,$79,/Users/hakeemsalaam/Development/DIH_BUILDS/DIH_FINISHED/release/DIHWorld_Audio_MASTERING_CORE_CURRENT_DEPLOY_20260630_135105/DMGs/Individual/DIHWorld_Audio_PLATINUM_Installer_20260630_135105.dmg,e966ba02f892325f5a00d9891976135ffb9c6df0786cc2c23d35e48dc59945c8,/Users/hakeemsalaam/Development/DIH_BUILDS/DIH_FINISHED/release/DIHWorld_Audio_MASTERING_CORE_CURRENT_DEPLOY_20260630_135105/PKGs/Individual/DIHWorld_Audio_PLATINUM_Installer_20260630_135105.pkg,92c42ce59310e682c6e93bfebeaf47675cb5a87aa57ca7b5261948afb479b32f,,,/Users/hakeemsalaam/Development/DIH_BUILDS/DIH_FINISHED/release/DIHWorld_Audio_MASTERING_CORE_CURRENT_DEPLOY_20260630_135105/SHA256SUMS.txt,/Users/hakeemsalaam/Development/DIH_BUILDS/DIH_FAMILIES/DIHWorld_Audio_User_Manual_CURRENT.pdf,Platinum Mac Installer,,,,READY_FOR_UPLOAD_URL,Upload DMG/PKG to protected GoDaddy/WooCommerce storage and paste final download URL.,Current release index artifact. Keep unpublished until download URL and product page are connected.
DIH-IMHOTEP,IMHOTEP,Individual,Companion bundle draft,MASTER_FIELD,IMHOTEP,1,$49,$79,/Users/hakeemsalaam/Development/DIH_BUILDS/DIH_FINISHED/release/DIHWorld_Audio_MASTER_FIELD_CURRENT_DEPLOY_20260701_083145/DMGs/Individual/DIHWorld_Audio_IMHOTEP_Installer_20260701_083145.dmg,4652eaccf91c3ffd0ef51762b3bb7095fa6500d2843df2d4346baad9e13c8efe,/Users/hakeemsalaam/Development/DIH_BUILDS/DIH_FINISHED/release/DIHWorld_Audio_MASTER_FIELD_CURRENT_DEPLOY_20260701_083145/PKGs/Individual/DIHWorld_Audio_IMHOTEP_Installer_20260701_083145.pkg,aef13dee8187a23bae8df9f92a9c13846638fda74772bb5ba64103c426787d41,,,/Users/hakeemsalaam/Development/DIH_BUILDS/DIH_FINISHED/release/DIHWorld_Audio_MASTER_FIELD_CURRENT_DEPLOY_20260701_083145/SHA256SUMS.txt,/Users/hakeemsalaam/Development/DIH_BUILDS/DIH_FAMILIES/DIHWorld_Audio_User_Manual_CURRENT.pdf,IMHOTEP Mac Installer,,,,READY_FOR_UPLOAD_URL,Upload DMG/PKG to protected GoDaddy/WooCommerce storage and paste final download URL.,Current release index artifact. Keep unpublished until download URL and product page are connected.
DIH-AUSET,AUSET,Individual,Full catalog draft,FIELD_TONE_BALANCE,AUSET,1,$49,$79,/Users/hakeemsalaam/Development/DIH_BUILDS/DIH_FINISHED/release/DIHWorld_Audio_FIELD_TONE_BALANCE_CURRENT_DEPLOY_20260701_082023/DMGs/Individual/DIHWorld_Audio_AUSET_Installer_20260701_082023.dmg,511cc157d7883be672683acd1a032c62c50077505b16c853ebfd58cc57f04d05,/Users/hakeemsalaam/Development/DIH_BUILDS/DIH_FINISHED/release/DIHWorld_Audio_FIELD_TONE_BALANCE_CURRENT_DEPLOY_20260701_082023/PKGs/Individual/DIHWorld_Audio_AUSET_Installer_20260701_082023.pkg,e4a5ed1ea2f42be4798fc43081e7d237a349e1cfd82406ea0f71d7ae83b80736,,,/Users/hakeemsalaam/Development/DIH_BUILDS/DIH_FINISHED/release/DIHWorld_Audio_FIELD_TONE_BALANCE_CURRENT_DEPLOY_20260701_082023/SHA256SUMS.txt,/Users/hakeemsalaam/Development/DIH_BUILDS/DIH_FAMILIES/DIHWorld_Audio_User_Manual_CURRENT.pdf,AUSET Mac Installer,,,,READY_FOR_UPLOAD_URL,Upload DMG/PKG to protected GoDaddy/WooCommerce storage and paste final download URL.,Current release index artifact. Keep unpublished until download URL and product page are connected.
DIH-AUSAR,AUSAR,Individual,Full catalog draft,FIELD_TONE_BALANCE,AUSAR,1,$49,$79,/Users/hakeemsalaam/Development/DIH_BUILDS/DIH_FINISHED/release/DIHWorld_Audio_FIELD_TONE_BALANCE_CURRENT_DEPLOY_20260701_082023/DMGs/Individual/DIHWorld_Audio_AUSAR_Installer_20260701_082023.dmg,85fdd4cb8ffcdf06702db2208c5043f463067d4c446b0f6104994998f6e65edc,/Users/hakeemsalaam/Development/DIH_BUILDS/DIH_FINISHED/release/DIHWorld_Audio_FIELD_TONE_BALANCE_CURRENT_DEPLOY_20260701_082023/PKGs/Individual/DIHWorld_Audio_AUSAR_Installer_20260701_082023.pkg,a3c013a4562d0e810b20d73c495b305a0325a56de6e334722cb7bdbeb5f2067c,,,/Users/hakeemsalaam/Development/DIH_BUILDS/DIH_FINISHED/release/DIHWorld_Audio_FIELD_TONE_BALANCE_CURRENT_DEPLOY_20260701_082023/SHA256SUMS.txt,/Users/hakeemsalaam/Development/DIH_BUILDS/DIH_FAMILIES/DIHWorld_Audio_User_Manual_CURRENT.pdf,AUSAR Mac Installer,,,,READY_FOR_UPLOAD_URL,Upload DMG/PKG to protected GoDaddy/WooCommerce storage and paste final download URL.,Current release index artifact. Keep unpublished until download URL and product page are connected.
DIH-DEPTH-IMPACT-HYBRID-X,DEPTH IMPACT HYBRID X,Individual,Companion bundle draft,DIMENSIONAL_IMPACT_MOVE,DEPTH IMPACT HYBRID X,1,$49,$79,/Users/hakeemsalaam/Development/DIH_BUILDS/DIH_FINISHED/release/DIHWorld_Audio_DIMENSIONAL_IMPACT_MOVE_CURRENT_DEPLOY_20260701_084448/DMGs/Individual/DIHWorld_Audio_Depth_Impact_Hybrid_X_Installer_20260701_084448.dmg,2cdfe713c99d35367a94a8a6d1d59dff881eae93546a570e51fd55a23224d0f4,/Users/hakeemsalaam/Development/DIH_BUILDS/DIH_FINISHED/release/DIHWorld_Audio_DIMENSIONAL_IMPACT_MOVE_CURRENT_DEPLOY_20260701_084448/PKGs/Individual/DIHWorld_Audio_Depth_Impact_Hybrid_X_Installer_20260701_084448.pkg,b010287357b522b2746125302b0e550669f9db3876ec2ff34d34b4b6513be324,,,/Users/hakeemsalaam/Development/DIH_BUILDS/DIH_FINISHED/release/DIHWorld_Audio_DIMENSIONAL_IMPACT_MOVE_CURRENT_DEPLOY_20260701_084448/SHA256SUMS.txt,/Users/hakeemsalaam/Development/DIH_BUILDS/DIH_FAMILIES/DIHWorld_Audio_User_Manual_CURRENT.pdf,DEPTH IMPACT HYBRID X Mac Installer,,,,READY_FOR_UPLOAD_URL,Upload DMG/PKG to protected GoDaddy/WooCommerce storage and paste final download URL.,Current release index artifact. Keep unpublished until download URL and product page are connected.
DIH-PARALLAX,PARALLAX,Individual,Companion bundle draft,DIMENSIONAL_IMPACT_MOVE,PARALLAX,1,$49,$79,/Users/hakeemsalaam/Development/DIH_BUILDS/DIH_FINISHED/release/DIHWorld_Audio_DIMENSIONAL_IMPACT_MOVE_CURRENT_DEPLOY_20260701_084448/DMGs/Individual/DIHWorld_Audio_PARALLAX_Installer_20260701_084448.dmg,fe78b951d62cd15ade545ae6b7725d25a0e3620101f4ea9c0abb5a3c120b8372,/Users/hakeemsalaam/Development/DIH_BUILDS/DIH_FINISHED/release/DIHWorld_Audio_DIMENSIONAL_IMPACT_MOVE_CURRENT_DEPLOY_20260701_084448/PKGs/Individual/DIHWorld_Audio_PARALLAX_Installer_20260701_084448.pkg,982aff180a4016ae9426df628788dd37e68361f9a96467a95cfb746a9b204ff6,,,/Users/hakeemsalaam/Development/DIH_BUILDS/DIH_FINISHED/release/DIHWorld_Audio_DIMENSIONAL_IMPACT_MOVE_CURRENT_DEPLOY_20260701_084448/SHA256SUMS.txt,/Users/hakeemsalaam/Development/DIH_BUILDS/DIH_FAMILIES/DIHWorld_Audio_User_Manual_CURRENT.pdf,PARALLAX Mac Installer,,,,READY_FOR_UPLOAD_URL,Upload DMG/PKG to protected GoDaddy/WooCommerce storage and paste final download URL.,Current release index artifact. Keep unpublished until download URL and product page are connected.
DIH-NSR,NSR,Individual,Companion bundle draft,DIMENSIONAL_IMPACT_MOVE,NSR,1,$49,$79,/Users/hakeemsalaam/Development/DIH_BUILDS/DIH_FINISHED/release/DIHWorld_Audio_DIMENSIONAL_IMPACT_MOVE_CURRENT_DEPLOY_20260701_084448/DMGs/Individual/DIHWorld_Audio_NSR_Installer_20260701_084448.dmg,01acba83598406bdd11f711eac82ecad4823ba8ac1d3e1299c60bed5bb5c9879,/Users/hakeemsalaam/Development/DIH_BUILDS/DIH_FINISHED/release/DIHWorld_Audio_DIMENSIONAL_IMPACT_MOVE_CURRENT_DEPLOY_20260701_084448/PKGs/Individual/DIHWorld_Audio_NSR_Installer_20260701_084448.pkg,cfb77b94c25a4b5ae6cbcd2c0946b08e5ca4769d99483c834ff541bcb6dbab9e,,,/Users/hakeemsalaam/Development/DIH_BUILDS/DIH_FINISHED/release/DIHWorld_Audio_DIMENSIONAL_IMPACT_MOVE_CURRENT_DEPLOY_20260701_084448/SHA256SUMS.txt,/Users/hakeemsalaam/Development/DIH_BUILDS/DIH_FAMILIES/DIHWorld_Audio_User_Manual_CURRENT.pdf,NSR Mac Installer,,,,READY_FOR_UPLOAD_URL,Upload DMG/PKG to protected GoDaddy/WooCommerce storage and paste final download URL.,Current release index artifact. Keep unpublished until download URL and product page are connected.
DIH-ANUBIS,ANUBIS,Individual,Companion bundle draft,DYNAMICS_GUARD,ANUBIS,1,$49,$79,/Users/hakeemsalaam/Development/DIH_BUILDS/DIH_FINISHED/release/DIHWorld_Audio_DYNAMICS_GUARD_CURRENT_DEPLOY_20260630_184038/DMGs/Individual/DIHWorld_Audio_ANUBIS_Installer_20260630_184038.dmg,9cd43db981cfd380fb0e679452663f4b3655b3a6e9ebc3c456d635e04acce07f,/Users/hakeemsalaam/Development/DIH_BUILDS/DIH_FINISHED/release/DIHWorld_Audio_DYNAMICS_GUARD_CURRENT_DEPLOY_20260630_184038/PKGs/Individual/DIHWorld_Audio_ANUBIS_Installer_20260630_184038.pkg,4aae5520e0e05fdce19498095ebcab9cf2cda218f0daef181dd3e3742d6d6280,,,/Users/hakeemsalaam/Development/DIH_BUILDS/DIH_FINISHED/release/DIHWorld_Audio_DYNAMICS_GUARD_CURRENT_DEPLOY_20260630_184038/SHA256SUMS.txt,/Users/hakeemsalaam/Development/DIH_BUILDS/DIH_FAMILIES/DIHWorld_Audio_User_Manual_CURRENT.pdf,ANUBIS Mac Installer,,,,READY_FOR_UPLOAD_URL,Upload DMG/PKG to protected GoDaddy/WooCommerce storage and paste final download URL.,Current release index artifact. Keep unpublished until download URL and product page are connected.
DIH-OTIS,OTIS,Individual,Companion bundle draft,DYNAMICS_GUARD,OTIS,1,$49,$79,/Users/hakeemsalaam/Development/DIH_BUILDS/DIH_FINISHED/release/DIHWorld_Audio_DYNAMICS_GUARD_CURRENT_DEPLOY_20260630_184038/DMGs/Individual/DIHWorld_Audio_OTIS_Installer_20260630_184038.dmg,28541f113e936125ad88ad2866c55d0fa1172108f1f9bb1fd69fa452ed216d7f,/Users/hakeemsalaam/Development/DIH_BUILDS/DIH_FINISHED/release/DIHWorld_Audio_DYNAMICS_GUARD_CURRENT_DEPLOY_20260630_184038/PKGs/Individual/DIHWorld_Audio_OTIS_Installer_20260630_184038.pkg,7444a3e85f5097726a738f5d78a62bc4e83fce4b4c59384500ef30b30b6a574f,,,/Users/hakeemsalaam/Development/DIH_BUILDS/DIH_FINISHED/release/DIHWorld_Audio_DYNAMICS_GUARD_CURRENT_DEPLOY_20260630_184038/SHA256SUMS.txt,/Users/hakeemsalaam/Development/DIH_BUILDS/DIH_FAMILIES/DIHWorld_Audio_User_Manual_CURRENT.pdf,OTIS Mac Installer,,,,READY_FOR_UPLOAD_URL,Upload DMG/PKG to protected GoDaddy/WooCommerce storage and paste final download URL.,Current release index artifact. Keep unpublished until download URL and product page are connected.
DIH-DEBO,DEBO,Individual,Core Bundle,DYNAMICS_GUARD,DEBO,1,$49,$79,/Users/hakeemsalaam/Development/DIH_BUILDS/DIH_FINISHED/release/DIHWorld_Audio_DYNAMICS_GUARD_CURRENT_DEPLOY_20260630_184038/DMGs/Individual/DIHWorld_Audio_DeBo_Installer_20260630_184038.dmg,9461fb57d95e19207626370f1e41b3ebcaa144fd93ac2308a12c478df41caf8b,/Users/hakeemsalaam/Development/DIH_BUILDS/DIH_FINISHED/release/DIHWorld_Audio_DYNAMICS_GUARD_CURRENT_DEPLOY_20260630_184038/PKGs/Individual/DIHWorld_Audio_DEBO_Installer_20260630_184038.pkg,0f51d08d5b15cd4e508298c5c26fe1e131099ad93e15ac8f5061c4f80c9d7b08,,,/Users/hakeemsalaam/Development/DIH_BUILDS/DIH_FINISHED/release/DIHWorld_Audio_DYNAMICS_GUARD_CURRENT_DEPLOY_20260630_184038/SHA256SUMS.txt,/Users/hakeemsalaam/Development/DIH_BUILDS/DIH_FAMILIES/DIHWorld_Audio_User_Manual_CURRENT.pdf,DEBO Mac Installer,,,,READY_FOR_UPLOAD_URL,Upload DMG/PKG to protected GoDaddy/WooCommerce storage and paste final download URL.,Current release index artifact. Keep unpublished until download URL and product page are connected.
DIH-LOOKOUT,LOOKOUT,Individual,Companion bundle draft,DYNAMICS_GUARD,LOOKOUT,1,$49,$79,/Users/hakeemsalaam/Development/DIH_BUILDS/DIH_FINISHED/release/DIHWorld_Audio_DYNAMICS_GUARD_CURRENT_DEPLOY_20260630_184038/DMGs/Individual/DIHWorld_Audio_LookOut_Installer_20260630_184038.dmg,0402fbe22620593a3990f738455a7b74fd8f75bfbc02c522f99c67413b0fa422,/Users/hakeemsalaam/Development/DIH_BUILDS/DIH_FINISHED/release/DIHWorld_Audio_DYNAMICS_GUARD_CURRENT_DEPLOY_20260630_184038/PKGs/Individual/DIHWorld_Audio_LOOKOUT_Installer_20260630_184038.pkg,451df76aee071bfd414edc6ac3774cbc6dff8acf6427f606993123f21b24fed6,,,/Users/hakeemsalaam/Development/DIH_BUILDS/DIH_FINISHED/release/DIHWorld_Audio_DYNAMICS_GUARD_CURRENT_DEPLOY_20260630_184038/SHA256SUMS.txt,/Users/hakeemsalaam/Development/DIH_BUILDS/DIH_FAMILIES/DIHWorld_Audio_User_Manual_CURRENT.pdf,LOOKOUT Mac Installer,,,,READY_FOR_UPLOAD_URL,Upload DMG/PKG to protected GoDaddy/WooCommerce storage and paste final download URL.,Current release index artifact. Keep unpublished until download URL and product page are connected.
DIH-DRUMKRUSHGLUE,DRUMKRUSHGLUE,Individual,Core Bundle,DYNAMICS_GUARD,DRUMKRUSHGLUE,1,$49,$79,/Users/hakeemsalaam/Development/DIH_BUILDS/DIH_FINISHED/release/DIHWorld_Audio_DYNAMICS_GUARD_CURRENT_DEPLOY_20260630_184038/DMGs/Individual/DIHWorld_Audio_DrumKrushGlue_Installer_20260630_184038.dmg,d54855ef4cbd6a7ef484c17fcba975c247f35b5cfdb45538ecfed2eb4f94f262,/Users/hakeemsalaam/Development/DIH_BUILDS/DIH_FINISHED/release/DIHWorld_Audio_DYNAMICS_GUARD_CURRENT_DEPLOY_20260630_184038/PKGs/Individual/DIHWorld_Audio_DRUMKRUSHGLUE_Installer_20260630_184038.pkg,a1a041f2a62439e2be479c7b1057c2ef3b55edadc012e60c425d137e8145ca06,,,/Users/hakeemsalaam/Development/DIH_BUILDS/DIH_FINISHED/release/DIHWorld_Audio_DYNAMICS_GUARD_CURRENT_DEPLOY_20260630_184038/SHA256SUMS.txt,/Users/hakeemsalaam/Development/DIH_BUILDS/DIH_FAMILIES/DIHWorld_Audio_User_Manual_CURRENT.pdf,DRUMKRUSHGLUE Mac Installer,,,,READY_FOR_UPLOAD_URL,Upload DMG/PKG to protected GoDaddy/WooCommerce storage and paste final download URL.,Current release index artifact. Keep unpublished until download URL and product page are connected.
DIH-MARIANA,MARIANA,Individual,Core Bundle,BASS_LOW_END,MARIANA,1,$49,$79,/Users/hakeemsalaam/Development/DIH_BUILDS/DIH_FINISHED/release/DIHWorld_Audio_BASS_LOW_END_CURRENT_DEPLOY_20260630_181755/DMGs/Individual/DIHWorld_Audio_MARIANA_Installer_20260630_181755.dmg,e27e545b27d52a687f8f949af8b642d2a1e94a638eddca0e1dfd158d8b9be3d5,/Users/hakeemsalaam/Development/DIH_BUILDS/DIH_FINISHED/release/DIHWorld_Audio_BASS_LOW_END_CURRENT_DEPLOY_20260630_181755/PKGs/Individual/DIHWorld_Audio_MARIANA_Installer_20260630_181755.pkg,1c3eca649165181b45130e8caf20e14003e60722282420033dec7d756d6cad7f,,,/Users/hakeemsalaam/Development/DIH_BUILDS/DIH_FINISHED/release/DIHWorld_Audio_BASS_LOW_END_CURRENT_DEPLOY_20260630_181755/SHA256SUMS.txt,/Users/hakeemsalaam/Development/DIH_BUILDS/DIH_FAMILIES/DIHWorld_Audio_User_Manual_CURRENT.pdf,MARIANA Mac Installer,,,,READY_FOR_UPLOAD_URL,Upload DMG/PKG to protected GoDaddy/WooCommerce storage and paste final download URL.,Current release index artifact. Keep unpublished until download URL and product page are connected.
DIH-MONOLITH,MONOLITH,Individual,Companion bundle draft,BASS_LOW_END,MONOLITH,1,$49,$79,/Users/hakeemsalaam/Development/DIH_BUILDS/DIH_FINISHED/release/DIHWorld_Audio_BASS_LOW_END_CURRENT_DEPLOY_20260630_181755/DMGs/Individual/DIHWorld_Audio_MONOLITH_Installer_20260630_181755.dmg,3e58f376c97c6d57a788057b6cafd48b995b4de44780d53b90601f08bca63013,/Users/hakeemsalaam/Development/DIH_BUILDS/DIH_FINISHED/release/DIHWorld_Audio_BASS_LOW_END_CURRENT_DEPLOY_20260630_181755/PKGs/Individual/DIHWorld_Audio_MONOLITH_Installer_20260630_181755.pkg,fa9a92b63d17bed898ad42b46a2bb4a4535df41df84170401ab53da600be7584,,,/Users/hakeemsalaam/Development/DIH_BUILDS/DIH_FINISHED/release/DIHWorld_Audio_BASS_LOW_END_CURRENT_DEPLOY_20260630_181755/SHA256SUMS.txt,/Users/hakeemsalaam/Development/DIH_BUILDS/DIH_FAMILIES/DIHWorld_Audio_User_Manual_CURRENT.pdf,MONOLITH Mac Installer,,,,READY_FOR_UPLOAD_URL,Upload DMG/PKG to protected GoDaddy/WooCommerce storage and paste final download URL.,Current release index artifact. Keep unpublished until download URL and product page are connected.
DIH-DEPTH-BOOST-PRO,DEPTH BOOST PRO,Individual,Companion bundle draft,BASS_LOW_END,DEPTH BOOST PRO,1,$49,$79,/Users/hakeemsalaam/Development/DIH_BUILDS/DIH_FINISHED/release/DIHWorld_Audio_BASS_LOW_END_CURRENT_DEPLOY_20260630_181755/DMGs/Individual/DIHWorld_Audio_DEPTH_BOOST_PRO_Installer_20260630_181755.dmg,c1836ca23d9f95dfebfc39fe61d0cbae6e6377cdf84890dbf60beb4fbd623bcf,/Users/hakeemsalaam/Development/DIH_BUILDS/DIH_FINISHED/release/DIHWorld_Audio_BASS_LOW_END_CURRENT_DEPLOY_20260630_181755/PKGs/Individual/DIHWorld_Audio_DEPTH_BOOST_PRO_Installer_20260630_181755.pkg,b48016f5b1716efec89a4ebf21eba08aff608b6d4dd0c1b69bc5939fae4eb141,,,/Users/hakeemsalaam/Development/DIH_BUILDS/DIH_FINISHED/release/DIHWorld_Audio_BASS_LOW_END_CURRENT_DEPLOY_20260630_181755/SHA256SUMS.txt,/Users/hakeemsalaam/Development/DIH_BUILDS/DIH_FAMILIES/DIHWorld_Audio_User_Manual_CURRENT.pdf,DEPTH BOOST PRO Mac Installer,,,,READY_FOR_UPLOAD_URL,Upload DMG/PKG to protected GoDaddy/WooCommerce storage and paste final download URL.,Current release index artifact. Keep unpublished until download URL and product page are connected.
DIH-NTRPL,NTRPL,Individual,Companion bundle draft,BASS_LOW_END,NTRPL,1,$49,$79,/Users/hakeemsalaam/Development/DIH_BUILDS/DIH_FINISHED/release/DIHWorld_Audio_BASS_LOW_END_CURRENT_DEPLOY_20260630_181755/DMGs/Individual/DIHWorld_Audio_NTRPL_Installer_20260630_181755.dmg,3eb452b71dd9272d2b12a19ab9f5cfc2198f307dbedcacdb972d6f779d25b882,/Users/hakeemsalaam/Development/DIH_BUILDS/DIH_FINISHED/release/DIHWorld_Audio_BASS_LOW_END_CURRENT_DEPLOY_20260630_181755/PKGs/Individual/DIHWorld_Audio_NTRPL_Installer_20260630_181755.pkg,52f3145f6b3505388eea6e220379f8bfd3a5f68fef35d93937882fab016d750c,,,/Users/hakeemsalaam/Development/DIH_BUILDS/DIH_FINISHED/release/DIHWorld_Audio_BASS_LOW_END_CURRENT_DEPLOY_20260630_181755/SHA256SUMS.txt,/Users/hakeemsalaam/Development/DIH_BUILDS/DIH_FAMILIES/DIHWorld_Audio_User_Manual_CURRENT.pdf,NTRPL Mac Installer,,,,READY_FOR_UPLOAD_URL,Upload DMG/PKG to protected GoDaddy/WooCommerce storage and paste final download URL.,Current release index artifact. Keep unpublished until download URL and product page are connected.
DIH-NTRSTLLR,NTRSTLLR,Individual,Companion bundle draft,FX_SPATIAL,NTRSTLLR,1,$49,$79,/Users/hakeemsalaam/Development/DIH_BUILDS/DIH_FINISHED/release/DIHWorld_Audio_FX_SPATIAL_CURRENT_DEPLOY_20260701_083724/DMGs/Individual/DIHWorld_Audio_NTRSTLLR_Installer_20260701_083724.dmg,6fc5492ca36d6cccecda1fd5e46ea76ed17fe141bfd21cf8d52f3afe5d09b39e,/Users/hakeemsalaam/Development/DIH_BUILDS/DIH_FINISHED/release/DIHWorld_Audio_FX_SPATIAL_CURRENT_DEPLOY_20260701_083724/PKGs/Individual/DIHWorld_Audio_NTRSTLLR_Installer_20260701_083724.pkg,d97e0dc7e972a002a56ff48c7629d21640db6fc711aa8f9334cc7b0bac813c3d,,,/Users/hakeemsalaam/Development/DIH_BUILDS/DIH_FINISHED/release/DIHWorld_Audio_FX_SPATIAL_CURRENT_DEPLOY_20260701_083724/SHA256SUMS.txt,/Users/hakeemsalaam/Development/DIH_BUILDS/DIH_FAMILIES/DIHWorld_Audio_User_Manual_CURRENT.pdf,NTRSTLLR Mac Installer,,,,READY_FOR_UPLOAD_URL,Upload DMG/PKG to protected GoDaddy/WooCommerce storage and paste final download URL.,Current release index artifact. Keep unpublished until download URL and product page are connected.
DIH-CATHEDRAL,Cathedral,Individual,Core Bundle,FX_SPATIAL,Cathedral,1,$79,$129,/Users/hakeemsalaam/Development/DIH_BUILDS/DIH_FINISHED/release/DIHWorld_Audio_FX_SPATIAL_CURRENT_DEPLOY_20260701_083724/DMGs/Individual/DIHWorld_Audio_Cathedral_Installer_20260701_083724.dmg,acaf00593f8d24a33106ff3c2388e2e6efe1b7ca516727d438e107ad21c4e030,/Users/hakeemsalaam/Development/DIH_BUILDS/DIH_FINISHED/release/DIHWorld_Audio_FX_SPATIAL_CURRENT_DEPLOY_20260701_083724/PKGs/Individual/DIHWorld_Audio_Cathedral_Installer_20260701_083724.pkg,d7786cc9e44186ecc45125ad9231dfcbf81a23671ec42d7146474f4ec49e06d9,,,/Users/hakeemsalaam/Development/DIH_BUILDS/DIH_FINISHED/release/DIHWorld_Audio_FX_SPATIAL_CURRENT_DEPLOY_20260701_083724/SHA256SUMS.txt,/Users/hakeemsalaam/Development/DIH_BUILDS/DIH_FAMILIES/DIHWorld_Audio_User_Manual_CURRENT.pdf,Cathedral Mac Installer,,,,READY_FOR_UPLOAD_URL,Upload DMG/PKG to protected GoDaddy/WooCommerce storage and paste final download URL.,Current release index artifact. Keep unpublished until download URL and product page are connected.
DIH-SACREDVERB,SacredVerb,Individual,Core Bundle,FX_SPATIAL,SacredVerb,1,$79,$129,/Users/hakeemsalaam/Development/DIH_BUILDS/DIH_FINISHED/release/DIHWorld_Audio_FX_SPATIAL_CURRENT_DEPLOY_20260701_083724/DMGs/Individual/DIHWorld_Audio_SacredVerb_Installer_20260701_083724.dmg,6fab583f4605fca71e96f3127725d70f6f714d0387f3c5327f051534a29b964c,/Users/hakeemsalaam/Development/DIH_BUILDS/DIH_FINISHED/release/DIHWorld_Audio_FX_SPATIAL_CURRENT_DEPLOY_20260701_083724/PKGs/Individual/DIHWorld_Audio_SacredVerb_Installer_20260701_083724.pkg,e9170fa284f35290f1858f30c287b5bce52d45ec19870bda0d6d9c5464ff5f0f,,,/Users/hakeemsalaam/Development/DIH_BUILDS/DIH_FINISHED/release/DIHWorld_Audio_FX_SPATIAL_CURRENT_DEPLOY_20260701_083724/SHA256SUMS.txt,/Users/hakeemsalaam/Development/DIH_BUILDS/DIH_FAMILIES/DIHWorld_Audio_User_Manual_CURRENT.pdf,SacredVerb Mac Installer,,,,READY_FOR_UPLOAD_URL,Upload DMG/PKG to protected GoDaddy/WooCommerce storage and paste final download URL.,Current release index artifact. Keep unpublished until download URL and product page are connected.
DIH-THOTH,THOTH,Individual,Companion bundle draft,HARMONICS_PITCH,THOTH,1,$49,$79,/Users/hakeemsalaam/Development/DIH_BUILDS/DIH_FINISHED/release/DIHWorld_Audio_HARMONICS_PITCH_CURRENT_DEPLOY_20260630_234520/DMGs/Individual/DIHWorld_Audio_Thoth_Installer_20260630_234520.dmg,d1fcce3a596e805a8d5408c7eb14e9ceca48c62979a8d996c4922db86f6e4705,/Users/hakeemsalaam/Development/DIH_BUILDS/DIH_FINISHED/release/DIHWorld_Audio_HARMONICS_PITCH_CURRENT_DEPLOY_20260630_234520/PKGs/Individual/DIHWorld_Audio_Thoth_Installer_20260630_234520.pkg,09c8d7d2d7950dc66a59e9a693034bab9386ef2b72d263bad4d073092349f83a,,,/Users/hakeemsalaam/Development/DIH_BUILDS/DIH_FINISHED/release/DIHWorld_Audio_HARMONICS_PITCH_CURRENT_DEPLOY_20260630_234520/SHA256SUMS.txt,/Users/hakeemsalaam/Development/DIH_BUILDS/DIH_FAMILIES/DIHWorld_Audio_User_Manual_CURRENT.pdf,THOTH Mac Installer,,,,READY_FOR_UPLOAD_URL,Upload DMG/PKG to protected GoDaddy/WooCommerce storage and paste final download URL.,Current release index artifact. Keep unpublished until download URL and product page are connected.
DIH-TEHUTI,TEHUTI,Individual,Companion bundle draft,HARMONICS_PITCH,TEHUTI,1,$49,$79,/Users/hakeemsalaam/Development/DIH_BUILDS/DIH_FINISHED/release/DIHWorld_Audio_HARMONICS_PITCH_CURRENT_DEPLOY_20260630_234520/DMGs/Individual/DIHWorld_Audio_TEHUTI_Installer_20260630_234520.dmg,26b4b51d97a25fe5be35a965020b20447d32b52f74a24f58cd7e0e698624337d,/Users/hakeemsalaam/Development/DIH_BUILDS/DIH_FINISHED/release/DIHWorld_Audio_HARMONICS_PITCH_CURRENT_DEPLOY_20260630_234520/PKGs/Individual/DIHWorld_Audio_TEHUTI_Installer_20260630_234520.pkg,57aab8a21b2084c761c04ac0205b6a36abbc14479ee7bd822e2bf18b37bea762,,,/Users/hakeemsalaam/Development/DIH_BUILDS/DIH_FINISHED/release/DIHWorld_Audio_HARMONICS_PITCH_CURRENT_DEPLOY_20260630_234520/SHA256SUMS.txt,/Users/hakeemsalaam/Development/DIH_BUILDS/DIH_FAMILIES/DIHWorld_Audio_User_Manual_CURRENT.pdf,TEHUTI Mac Installer,,,,READY_FOR_UPLOAD_URL,Upload DMG/PKG to protected GoDaddy/WooCommerce storage and paste final download URL.,Current release index artifact. Keep unpublished until download URL and product page are connected.
DIH-AU,AU,Individual,Companion bundle draft,HARMONICS_PITCH,AU,1,$49,$79,/Users/hakeemsalaam/Development/DIH_BUILDS/DIH_FINISHED/release/DIHWorld_Audio_HARMONICS_PITCH_CURRENT_DEPLOY_20260630_234520/DMGs/Individual/DIHWorld_Audio_AU_Installer_20260630_234520.dmg,7cdd3fbd3f43e8f29736194b3783d0e366443662f5221eb30190d17383e488e4,/Users/hakeemsalaam/Development/DIH_BUILDS/DIH_FINISHED/release/DIHWorld_Audio_HARMONICS_PITCH_CURRENT_DEPLOY_20260630_234520/PKGs/Individual/DIHWorld_Audio_AU_Installer_20260630_234520.pkg,b5f0754713c9983a8b536871e67f9bbc47296d862ceb37b26abb29766d4d2b9f,,,/Users/hakeemsalaam/Development/DIH_BUILDS/DIH_FINISHED/release/DIHWorld_Audio_HARMONICS_PITCH_CURRENT_DEPLOY_20260630_234520/SHA256SUMS.txt,/Users/hakeemsalaam/Development/DIH_BUILDS/DIH_FAMILIES/DIHWorld_Audio_User_Manual_CURRENT.pdf,AU Mac Installer,,,,READY_FOR_UPLOAD_URL,Upload DMG/PKG to protected GoDaddy/WooCommerce storage and paste final download URL.,Current release index artifact. Keep unpublished until download URL and product page are connected.
DIH-DRUM-MORPHER,DIH DRUM MORPHER,Individual,Companion bundle draft,DRUM_INSTRUMENT,DIH DRUM MORPHER,1,$49,$79,/Users/hakeemsalaam/Development/DIH_BUILDS/DIH_FINISHED/release/DIHWorld_Audio_DRUM_INSTRUMENT_CURRENT_DEPLOY_20260630_183417/DMGs/Individual/DIHWorld_Audio_Drum_Morpher_Installer_20260630_183417.dmg,879e9ff45dbdc9987fd9cb1919cfed4c14d428f89490ce55f13117888bbfb4b4,/Users/hakeemsalaam/Development/DIH_BUILDS/DIH_FINISHED/release/DIHWorld_Audio_DRUM_INSTRUMENT_CURRENT_DEPLOY_20260630_183417/PKGs/Individual/DIHWorld_Audio_Drum_Morpher_Installer_20260630_183417.pkg,7d32671dc3a1ce470cf5205480bf59c573f68213ec7ec4a0449ae1999ffd3824,,,/Users/hakeemsalaam/Development/DIH_BUILDS/DIH_FINISHED/release/DIHWorld_Audio_DRUM_INSTRUMENT_CURRENT_DEPLOY_20260630_183417/SHA256SUMS.txt,/Users/hakeemsalaam/Development/DIH_BUILDS/DIH_FAMILIES/DIHWorld_Audio_User_Manual_CURRENT.pdf,DIH DRUM MORPHER Mac Installer,,,,READY_FOR_UPLOAD_URL,Upload DMG/PKG to protected GoDaddy/WooCommerce storage and paste final download URL.,Current release index artifact. Keep unpublished until download URL and product page are connected.
DIH-BALLPARK,BALLPARK,Individual,Companion bundle draft,DRUM_INSTRUMENT,BALLPARK,1,$49,$79,/Users/hakeemsalaam/Development/DIH_BUILDS/DIH_FINISHED/release/DIHWorld_Audio_DRUM_INSTRUMENT_CURRENT_DEPLOY_20260630_183417/DMGs/Individual/DIHWorld_Audio_Ballpark_Installer_20260630_183417.dmg,bfc5c63c6c1d0f85d7a5cabfbf0f4dd5a4b1a4c2709e4faa59176183b8c42206,/Users/hakeemsalaam/Development/DIH_BUILDS/DIH_FINISHED/release/DIHWorld_Audio_DRUM_INSTRUMENT_CURRENT_DEPLOY_20260630_183417/PKGs/Individual/DIHWorld_Audio_Ballpark_Installer_20260630_183417.pkg,0b75ec8663f478af9c1a964bea23dd6c8452e2c6623c3f56acfb05ab7922e0e5,,,/Users/hakeemsalaam/Development/DIH_BUILDS/DIH_FINISHED/release/DIHWorld_Audio_DRUM_INSTRUMENT_CURRENT_DEPLOY_20260630_183417/SHA256SUMS.txt,/Users/hakeemsalaam/Development/DIH_BUILDS/DIH_FAMILIES/DIHWorld_Audio_User_Manual_CURRENT.pdf,BALLPARK Mac Installer,,,,READY_FOR_UPLOAD_URL,Upload DMG/PKG to protected GoDaddy/WooCommerce storage and paste final download URL.,Current release index artifact. Keep unpublished until download URL and product page are connected.
DIH-SLOTMACHINE,SLOTMACHINE,Individual,Companion bundle draft,CREATIVE_TRANSFORM,SLOTMACHINE,1,$49,$79,/Users/hakeemsalaam/Development/DIH_BUILDS/DIH_FINISHED/release/DIHWorld_Audio_CREATIVE_TRANSFORM_CURRENT_DEPLOY_20260701_082501/DMGs/Individual/DIHWorld_Audio_SlotMachine_Installer_20260701_082501.dmg,ea96ec5767aa1e96c203362e4cb65e356a61f53fa17cf4e3a5a9ef3323fab908,/Users/hakeemsalaam/Development/DIH_BUILDS/DIH_FINISHED/release/DIHWorld_Audio_CREATIVE_TRANSFORM_CURRENT_DEPLOY_20260701_082501/PKGs/Individual/DIHWorld_Audio_SlotMachine_Installer_20260701_082501.pkg,9134304f616c5ad4ace75a2b221046ea39dd0b719b9fdaaabc506fabd0c0ce84,,,/Users/hakeemsalaam/Development/DIH_BUILDS/DIH_FINISHED/release/DIHWorld_Audio_CREATIVE_TRANSFORM_CURRENT_DEPLOY_20260701_082501/SHA256SUMS.txt,/Users/hakeemsalaam/Development/DIH_BUILDS/DIH_FAMILIES/DIHWorld_Audio_User_Manual_CURRENT.pdf,SLOTMACHINE Mac Installer,,,,READY_FOR_UPLOAD_URL,Upload DMG/PKG to protected GoDaddy/WooCommerce storage and paste final download URL.,Current release index artifact. Keep unpublished until download URL and product page are connected.
DIH-ARCHAEOLOGIST-X,ARCHAEOLOGIST X,Individual,Companion bundle draft,CREATIVE_TRANSFORM,ARCHAEOLOGIST X,1,$49,$79,/Users/hakeemsalaam/Development/DIH_BUILDS/DIH_FINISHED/release/DIHWorld_Audio_CREATIVE_TRANSFORM_CURRENT_DEPLOY_20260701_082501/DMGs/Individual/DIHWorld_Audio_ARCHAEOLOGIST_X_Installer_20260701_082501.dmg,efc2e0b73f67bbaf8d73e2b49840b8dca9676d762c84bc8d71123459f614bd2f,/Users/hakeemsalaam/Development/DIH_BUILDS/DIH_FINISHED/release/DIHWorld_Audio_CREATIVE_TRANSFORM_CURRENT_DEPLOY_20260701_082501/PKGs/Individual/DIHWorld_Audio_ARCHAEOLOGIST_X_Installer_20260701_082501.pkg,44dcb73df5ff4cd8a37a60a58f51e4dc70198f89a10f5977649d2c152c604ee8,,,/Users/hakeemsalaam/Development/DIH_BUILDS/DIH_FINISHED/release/DIHWorld_Audio_CREATIVE_TRANSFORM_CURRENT_DEPLOY_20260701_082501/SHA256SUMS.txt,/Users/hakeemsalaam/Development/DIH_BUILDS/DIH_FAMILIES/DIHWorld_Audio_User_Manual_CURRENT.pdf,ARCHAEOLOGIST X Mac Installer,,,,READY_FOR_UPLOAD_URL,Upload DMG/PKG to protected GoDaddy/WooCommerce storage and paste final download URL.,Current release index artifact. Keep unpublished until download URL and product page are connected.
DIH-SERQET,SERQET,Individual,Companion bundle draft,CREATIVE_TRANSFORM,SERQET,1,$49,$79,/Users/hakeemsalaam/Development/DIH_BUILDS/DIH_FINISHED/release/DIHWorld_Audio_CREATIVE_TRANSFORM_CURRENT_DEPLOY_20260701_082501/DMGs/Individual/DIHWorld_Audio_SERQET_Installer_20260701_082501.dmg,05917f80b6411c1eee52e8788dc98a0923f850e3ce86fc2094f677d1360ccba2,/Users/hakeemsalaam/Development/DIH_BUILDS/DIH_FINISHED/release/DIHWorld_Audio_CREATIVE_TRANSFORM_CURRENT_DEPLOY_20260701_082501/PKGs/Individual/DIHWorld_Audio_SERQET_Installer_20260701_082501.pkg,f6bde0c21a1532da0b339131c60539c51d6b23af53d5270eccea4ed9e56cc911,,,/Users/hakeemsalaam/Development/DIH_BUILDS/DIH_FINISHED/release/DIHWorld_Audio_CREATIVE_TRANSFORM_CURRENT_DEPLOY_20260701_082501/SHA256SUMS.txt,/Users/hakeemsalaam/Development/DIH_BUILDS/DIH_FAMILIES/DIHWorld_Audio_User_Manual_CURRENT.pdf,SERQET Mac Installer,,,,READY_FOR_UPLOAD_URL,Upload DMG/PKG to protected GoDaddy/WooCommerce storage and paste final download URL.,Current release index artifact. Keep unpublished until download URL and product page are connected.
DIH-SESHAT,SESHAT,Individual,Companion bundle draft,UTILITY_OBSERVATION,SESHAT,1,$49,$79,/Users/hakeemsalaam/Development/DIH_BUILDS/DIH_FINISHED/release/DIHWorld_Audio_UTILITY_OBSERVATION_CURRENT_DEPLOY_20260701_083425/DMGs/Individual/DIHWorld_Audio_SESHAT_Installer_20260701_083425.dmg,57d9ec94c1e1919f9fe5db2dfde63d09ee0c869ceb08ee81e09bfc794bc75151,/Users/hakeemsalaam/Development/DIH_BUILDS/DIH_FINISHED/release/DIHWorld_Audio_UTILITY_OBSERVATION_CURRENT_DEPLOY_20260701_083425/PKGs/Individual/DIHWorld_Audio_SESHAT_Installer_20260701_083425.pkg,5a88d89c0b8655a2d0914c6c86c9da544fbd3b91b5d94bb527f7d717bd810efe,,,/Users/hakeemsalaam/Development/DIH_BUILDS/DIH_FINISHED/release/DIHWorld_Audio_UTILITY_OBSERVATION_CURRENT_DEPLOY_20260701_083425/SHA256SUMS.txt,/Users/hakeemsalaam/Development/DIH_BUILDS/DIH_FAMILIES/DIHWorld_Audio_User_Manual_CURRENT.pdf,SESHAT Mac Installer,,,,READY_FOR_UPLOAD_URL,Upload DMG/PKG to protected GoDaddy/WooCommerce storage and paste final download URL.,Current release index artifact. Keep unpublished until download URL and product page are connected.
DIH-FAM-VOCAL-MIC-SOURCE,VOCAL_MIC_SOURCE Family,Primary Family,Current primary family,VOCAL_MIC_SOURCE,"GOLD, SILVER, WPR, AEGIS NOVA, TRIPLER, EchoLocate",6,$199,$349,/Users/hakeemsalaam/Development/DIH_BUILDS/DIH_FINISHED/release/DIHWorld_Audio_VOCAL_MIC_SOURCE_CURRENT_DEPLOY_20260630_190721/DMGs/Families/DIHWorld_Audio_VOCAL_MIC_SOURCE_Family_Installer_20260630_190721.dmg,017194147eff04db6b2ec5b3a8a6b8201549a89a74a610cab5f9301cf7b207d9,/Users/hakeemsalaam/Development/DIH_BUILDS/DIH_FINISHED/release/DIHWorld_Audio_VOCAL_MIC_SOURCE_CURRENT_DEPLOY_20260630_190721/PKGs/Families/DIHWorld_Audio_VOCAL_MIC_SOURCE_Family_Installer_20260630_190721.pkg,623739ebf6dbaa9c01c1760ef1df2ecd731981f169aee78d1a83437b85584887,,,/Users/hakeemsalaam/Development/DIH_BUILDS/DIH_FINISHED/release/DIHWorld_Audio_VOCAL_MIC_SOURCE_CURRENT_DEPLOY_20260630_190721/SHA256SUMS.txt,/Users/hakeemsalaam/Development/DIH_BUILDS/DIH_FAMILIES/DIHWorld_Audio_User_Manual_CURRENT.pdf,VOCAL_MIC_SOURCE Mac Family Installer,,,,READY_FOR_UPLOAD_URL,Upload family DMG/PKG to protected GoDaddy/WooCommerce storage and paste final download URL.,Family package matches the current release index.
DIH-FAM-COLOR-AMP-TAPE,COLOR_AMP_TAPE Family,Primary Family,Current primary family,COLOR_AMP_TAPE,"APIS, PTAHTUBE, KHEPRI, SOVEREIGN",4,$129,$229,/Users/hakeemsalaam/Development/DIH_BUILDS/DIH_FINISHED/release/DIHWorld_Audio_COLOR_AMP_TAPE_CURRENT_DEPLOY_20260630_130135/DMGs/Families/DIHWorld_Audio_COLOR_AMP_TAPE_Family_Installer_20260630_130135.dmg,a4636cf58d627106e057330cea6d089b5b0598527b49bae845f11fd4e534a558,/Users/hakeemsalaam/Development/DIH_BUILDS/DIH_FINISHED/release/DIHWorld_Audio_COLOR_AMP_TAPE_CURRENT_DEPLOY_20260630_130135/PKGs/Families/DIHWorld_Audio_COLOR_AMP_TAPE_Family_Installer_20260630_130135.pkg,90d89e3ff5719fc06eb435db1f6472cdb6c9116b1d96be594d8f271c59ae8198,,,/Users/hakeemsalaam/Development/DIH_BUILDS/DIH_FINISHED/release/DIHWorld_Audio_COLOR_AMP_TAPE_CURRENT_DEPLOY_20260630_130135/SHA256SUMS.txt,/Users/hakeemsalaam/Development/DIH_BUILDS/DIH_FAMILIES/DIHWorld_Audio_User_Manual_CURRENT.pdf,COLOR_AMP_TAPE Mac Family Installer,,,,READY_FOR_UPLOAD_URL,Upload family DMG/PKG to protected GoDaddy/WooCommerce storage and paste final download URL.,Family package matches the current release index.
DIH-FAM-MASTERING-CORE,MASTERING_CORE Family,Primary Family,Current primary family,MASTERING_CORE,"ANKH, SPHYNX, MAAT, HORIZON X, Platinum",5,$179,$299,/Users/hakeemsalaam/Development/DIH_BUILDS/DIH_FINISHED/release/DIHWorld_Audio_MASTERING_CORE_CURRENT_DEPLOY_20260630_135105/DMGs/Families/DIHWorld_Audio_MASTERING_CORE_Family_Installer_20260630_135105.dmg,b9f475c74f1073c0e685471cd98f1d523304c2a547216154c5ff841b3711a35b,/Users/hakeemsalaam/Development/DIH_BUILDS/DIH_FINISHED/release/DIHWorld_Audio_MASTERING_CORE_CURRENT_DEPLOY_20260630_135105/PKGs/Families/DIHWorld_Audio_MASTERING_CORE_Family_Installer_20260630_135105.pkg,9eac1aadc50cb0e42ea27866acbd4736e606d019594fe42ee34bbbb22a789fb1,,,/Users/hakeemsalaam/Development/DIH_BUILDS/DIH_FINISHED/release/DIHWorld_Audio_MASTERING_CORE_CURRENT_DEPLOY_20260630_135105/SHA256SUMS.txt,/Users/hakeemsalaam/Development/DIH_BUILDS/DIH_FAMILIES/DIHWorld_Audio_User_Manual_CURRENT.pdf,MASTERING_CORE Mac Family Installer,,,,READY_FOR_UPLOAD_URL,Upload family DMG/PKG to protected GoDaddy/WooCommerce storage and paste final download URL.,Family package matches the current release index.
DIH-FAM-MASTER-FIELD,MASTER_FIELD Family,Primary Family,Current primary family,MASTER_FIELD,IMHOTEP,1,$49,$79,/Users/hakeemsalaam/Development/DIH_BUILDS/DIH_FINISHED/release/DIHWorld_Audio_MASTER_FIELD_CURRENT_DEPLOY_20260701_083145/DMGs/Families/DIHWorld_Audio_MASTER_FIELD_Family_Installer_20260701_083145.dmg,3852f6c0b2c7e4a25cc62da27ddad9a728bddcef76501d2d07c3aa58364843e9,/Users/hakeemsalaam/Development/DIH_BUILDS/DIH_FINISHED/release/DIHWorld_Audio_MASTER_FIELD_CURRENT_DEPLOY_20260701_083145/PKGs/Families/DIHWorld_Audio_MASTER_FIELD_Family_Installer_20260701_083145.pkg,aae06702801728bf571bcaae0e41d12c4fa0817d3f19ad73aa8ccd7c7377992b,,,/Users/hakeemsalaam/Development/DIH_BUILDS/DIH_FINISHED/release/DIHWorld_Audio_MASTER_FIELD_CURRENT_DEPLOY_20260701_083145/SHA256SUMS.txt,/Users/hakeemsalaam/Development/DIH_BUILDS/DIH_FAMILIES/DIHWorld_Audio_User_Manual_CURRENT.pdf,MASTER_FIELD Mac Family Installer,,,,READY_FOR_UPLOAD_URL,Upload family DMG/PKG to protected GoDaddy/WooCommerce storage and paste final download URL.,Family package matches the current release index.
DIH-FAM-FIELD-TONE-BALANCE,FIELD_TONE_BALANCE Family,Primary Family,Current primary family,FIELD_TONE_BALANCE,"AUSET, AUSAR",2,$79,$129,/Users/hakeemsalaam/Development/DIH_BUILDS/DIH_FINISHED/release/DIHWorld_Audio_FIELD_TONE_BALANCE_CURRENT_DEPLOY_20260701_082023/DMGs/Families/DIHWorld_Audio_FIELD_TONE_BALANCE_Family_Installer_20260701_082023.dmg,1ab25552b13758207cce09490c417fd0eb7397a5f13dba87a979e6be3098ab0b,/Users/hakeemsalaam/Development/DIH_BUILDS/DIH_FINISHED/release/DIHWorld_Audio_FIELD_TONE_BALANCE_CURRENT_DEPLOY_20260701_082023/PKGs/Families/DIHWorld_Audio_FIELD_TONE_BALANCE_Family_Installer_20260701_082023.pkg,9a0167407fb724c6bb35f0c5a15d9f32a7c35316f7b4d7383874f9c2dca72c6c,,,/Users/hakeemsalaam/Development/DIH_BUILDS/DIH_FINISHED/release/DIHWorld_Audio_FIELD_TONE_BALANCE_CURRENT_DEPLOY_20260701_082023/SHA256SUMS.txt,/Users/hakeemsalaam/Development/DIH_BUILDS/DIH_FAMILIES/DIHWorld_Audio_User_Manual_CURRENT.pdf,FIELD_TONE_BALANCE Mac Family Installer,,,,READY_FOR_UPLOAD_URL,Upload family DMG/PKG to protected GoDaddy/WooCommerce storage and paste final download URL.,Family package matches the current release index.
DIH-FAM-DIMENSIONAL-IMPACT-MOVE,DIMENSIONAL_IMPACT_MOVE Family,Primary Family,Current primary family,DIMENSIONAL_IMPACT_MOVE,"DEPTH IMPACT HYBRID X, PARALLAX, NSR",3,$99,$179,/Users/hakeemsalaam/Development/DIH_BUILDS/DIH_FINISHED/release/DIHWorld_Audio_DIMENSIONAL_IMPACT_MOVE_CURRENT_DEPLOY_20260701_084448/DMGs/Families/DIHWorld_Audio_DIMENSIONAL_IMPACT_MOVE_Family_Installer_20260701_084448.dmg,5c131791576985e7d3222038e63fbaf53a7fbdf5b401786897cdde3bdcff5a03,/Users/hakeemsalaam/Development/DIH_BUILDS/DIH_FINISHED/release/DIHWorld_Audio_DIMENSIONAL_IMPACT_MOVE_CURRENT_DEPLOY_20260701_084448/PKGs/Families/DIHWorld_Audio_DIMENSIONAL_IMPACT_MOVE_Family_Installer_20260701_084448.pkg,99178939ac24f69d2cef8b220ac4590bb537bbea64492d252f0f5c3b15cad3eb,,,/Users/hakeemsalaam/Development/DIH_BUILDS/DIH_FINISHED/release/DIHWorld_Audio_DIMENSIONAL_IMPACT_MOVE_CURRENT_DEPLOY_20260701_084448/SHA256SUMS.txt,/Users/hakeemsalaam/Development/DIH_BUILDS/DIH_FAMILIES/DIHWorld_Audio_User_Manual_CURRENT.pdf,DIMENSIONAL_IMPACT_MOVE Mac Family Installer,,,,READY_FOR_UPLOAD_URL,Upload family DMG/PKG to protected GoDaddy/WooCommerce storage and paste final download URL.,Family package matches the current release index.
DIH-FAM-DYNAMICS-GUARD,DYNAMICS_GUARD Family,Primary Family,Current primary family,DYNAMICS_GUARD,"ANUBIS, OTIS, DEBO, LOOKOUT, DRUMKRUSHGLUE",5,$179,$299,/Users/hakeemsalaam/Development/DIH_BUILDS/DIH_FINISHED/release/DIHWorld_Audio_DYNAMICS_GUARD_CURRENT_DEPLOY_20260630_184038/DMGs/Families/DIHWorld_Audio_DYNAMICS_GUARD_Family_Installer_20260630_184038.dmg,fab72d98325d9279f7429aa62300e9e691a1c4a07e4e07bf36c6443eb056300b,/Users/hakeemsalaam/Development/DIH_BUILDS/DIH_FINISHED/release/DIHWorld_Audio_DYNAMICS_GUARD_CURRENT_DEPLOY_20260630_184038/PKGs/Families/DIHWorld_Audio_DYNAMICS_GUARD_Family_Installer_20260630_184038.pkg,ab997c675405c32ca20fb3aa3dc182962bdfcab11f76ed470a9395d160f64032,,,/Users/hakeemsalaam/Development/DIH_BUILDS/DIH_FINISHED/release/DIHWorld_Audio_DYNAMICS_GUARD_CURRENT_DEPLOY_20260630_184038/SHA256SUMS.txt,/Users/hakeemsalaam/Development/DIH_BUILDS/DIH_FAMILIES/DIHWorld_Audio_User_Manual_CURRENT.pdf,DYNAMICS_GUARD Mac Family Installer,,,,READY_FOR_UPLOAD_URL,Upload family DMG/PKG to protected GoDaddy/WooCommerce storage and paste final download URL.,Family package matches the current release index.
DIH-FAM-BASS-LOW-END,BASS_LOW_END Family,Primary Family,Current primary family,BASS_LOW_END,"MARIANA, MONOLITH, DEPTH BOOST PRO, NTRPL",4,$129,$229,/Users/hakeemsalaam/Development/DIH_BUILDS/DIH_FINISHED/release/DIHWorld_Audio_BASS_LOW_END_CURRENT_DEPLOY_20260630_181755/DMGs/Families/DIHWorld_Audio_BASS_LOW_END_Family_Installer_20260630_181755.dmg,8e602d1300f86fbff931f3473ed9971353f8ceac615f86e4c499e5ee3931f9c9,/Users/hakeemsalaam/Development/DIH_BUILDS/DIH_FINISHED/release/DIHWorld_Audio_BASS_LOW_END_CURRENT_DEPLOY_20260630_181755/PKGs/Families/DIHWorld_Audio_BASS_LOW_END_Family_Installer_20260630_181755.pkg,c7f554b48d2eed2fac7a794e4a71a5f055deeb124fe3303837a16848b327a6ed,,,/Users/hakeemsalaam/Development/DIH_BUILDS/DIH_FINISHED/release/DIHWorld_Audio_BASS_LOW_END_CURRENT_DEPLOY_20260630_181755/SHA256SUMS.txt,/Users/hakeemsalaam/Development/DIH_BUILDS/DIH_FAMILIES/DIHWorld_Audio_User_Manual_CURRENT.pdf,BASS_LOW_END Mac Family Installer,,,,READY_FOR_UPLOAD_URL,Upload family DMG/PKG to protected GoDaddy/WooCommerce storage and paste final download URL.,Family package matches the current release index.
DIH-FAM-FX-SPATIAL,FX_SPATIAL Family,Primary Family,Current primary family,FX_SPATIAL,"NTRSTLLR, Cathedral, SacredVerb",3,$149,$249,/Users/hakeemsalaam/Development/DIH_BUILDS/DIH_FINISHED/release/DIHWorld_Audio_FX_SPATIAL_CURRENT_DEPLOY_20260701_083724/DMGs/Families/DIHWorld_Audio_FX_SPATIAL_Family_Installer_20260701_083724.dmg,36af0b399802efe14ff3b73d73c26a70a6bb7ab223f9535c7098d732c5b46870,/Users/hakeemsalaam/Development/DIH_BUILDS/DIH_FINISHED/release/DIHWorld_Audio_FX_SPATIAL_CURRENT_DEPLOY_20260701_083724/PKGs/Families/DIHWorld_Audio_FX_SPATIAL_Family_Installer_20260701_083724.pkg,57475c632dac438854e27090b440e9fc2511b67283c5ba8e1ff0d69e0026926e,,,/Users/hakeemsalaam/Development/DIH_BUILDS/DIH_FINISHED/release/DIHWorld_Audio_FX_SPATIAL_CURRENT_DEPLOY_20260701_083724/SHA256SUMS.txt,/Users/hakeemsalaam/Development/DIH_BUILDS/DIH_FAMILIES/DIHWorld_Audio_User_Manual_CURRENT.pdf,FX_SPATIAL Mac Family Installer,,,,READY_FOR_UPLOAD_URL,Upload family DMG/PKG to protected GoDaddy/WooCommerce storage and paste final download URL.,Family package matches the current release index.
DIH-FAM-HARMONICS-PITCH,HARMONICS_PITCH Family,Primary Family,Current primary family,HARMONICS_PITCH,"THOTH, TEHUTI, AU",3,$99,$179,/Users/hakeemsalaam/Development/DIH_BUILDS/DIH_FINISHED/release/DIHWorld_Audio_HARMONICS_PITCH_CURRENT_DEPLOY_20260630_234520/DMGs/Families/DIHWorld_Audio_HARMONICS_PITCH_Family_Installer_20260630_234520.dmg,0388527d7fde0c9a2963d86340c57a28569f1a8acf52cd0268d292c69ef72372,/Users/hakeemsalaam/Development/DIH_BUILDS/DIH_FINISHED/release/DIHWorld_Audio_HARMONICS_PITCH_CURRENT_DEPLOY_20260630_234520/PKGs/Families/DIHWorld_Audio_HARMONICS_PITCH_Family_Installer_20260630_234520.pkg,f99cc96a15530884a3c4e20a97c1fdce2962dde9e957c381bc2fff472629b1c7,,,/Users/hakeemsalaam/Development/DIH_BUILDS/DIH_FINISHED/release/DIHWorld_Audio_HARMONICS_PITCH_CURRENT_DEPLOY_20260630_234520/SHA256SUMS.txt,/Users/hakeemsalaam/Development/DIH_BUILDS/DIH_FAMILIES/DIHWorld_Audio_User_Manual_CURRENT.pdf,HARMONICS_PITCH Mac Family Installer,,,,READY_FOR_UPLOAD_URL,Upload family DMG/PKG to protected GoDaddy/WooCommerce storage and paste final download URL.,Family package matches the current release index.
DIH-FAM-DRUM-INSTRUMENT,DRUM_INSTRUMENT Family,Primary Family,Current primary family,DRUM_INSTRUMENT,"DIH DRUM MORPHER, BALLPARK",2,$79,$129,/Users/hakeemsalaam/Development/DIH_BUILDS/DIH_FINISHED/release/DIHWorld_Audio_DRUM_INSTRUMENT_CURRENT_DEPLOY_20260630_183417/DMGs/Families/DIHWorld_Audio_DRUM_INSTRUMENT_Family_Installer_20260630_183417.dmg,b1dcc52e89b9eb81cd44613c5c8d23ca53df736db1399f69b7e370f20864e044,/Users/hakeemsalaam/Development/DIH_BUILDS/DIH_FINISHED/release/DIHWorld_Audio_DRUM_INSTRUMENT_CURRENT_DEPLOY_20260630_183417/PKGs/Families/DIHWorld_Audio_DRUM_INSTRUMENT_Family_Installer_20260630_183417.pkg,354f9fd7630aca5376c269a157d451897df4da7c60d6ffa07d9c78b5d933db3d,,,/Users/hakeemsalaam/Development/DIH_BUILDS/DIH_FINISHED/release/DIHWorld_Audio_DRUM_INSTRUMENT_CURRENT_DEPLOY_20260630_183417/SHA256SUMS.txt,/Users/hakeemsalaam/Development/DIH_BUILDS/DIH_FAMILIES/DIHWorld_Audio_User_Manual_CURRENT.pdf,DRUM_INSTRUMENT Mac Family Installer,,,,READY_FOR_UPLOAD_URL,Upload family DMG/PKG to protected GoDaddy/WooCommerce storage and paste final download URL.,Family package matches the current release index.
DIH-FAM-CREATIVE-TRANSFORM,CREATIVE_TRANSFORM Family,Primary Family,Current primary family,CREATIVE_TRANSFORM,"SLOTMACHINE, ARCHAEOLOGIST X, SERQET",3,$99,$179,/Users/hakeemsalaam/Development/DIH_BUILDS/DIH_FINISHED/release/DIHWorld_Audio_CREATIVE_TRANSFORM_CURRENT_DEPLOY_20260701_082501/DMGs/Families/DIHWorld_Audio_CREATIVE_TRANSFORM_Family_Installer_20260701_082501.dmg,a8d65e56879eec1b8c97604bb72550b8e73745d29a8dd1a0609c89dd7cc7c321,/Users/hakeemsalaam/Development/DIH_BUILDS/DIH_FINISHED/release/DIHWorld_Audio_CREATIVE_TRANSFORM_CURRENT_DEPLOY_20260701_082501/PKGs/Families/DIHWorld_Audio_CREATIVE_TRANSFORM_Family_Installer_20260701_082501.pkg,845f5ffae7e4c55fa0d7a40c6d1b90673ea0e6b07d4d8fc98bec2f30a9cd46ef,,,/Users/hakeemsalaam/Development/DIH_BUILDS/DIH_FINISHED/release/DIHWorld_Audio_CREATIVE_TRANSFORM_CURRENT_DEPLOY_20260701_082501/SHA256SUMS.txt,/Users/hakeemsalaam/Development/DIH_BUILDS/DIH_FAMILIES/DIHWorld_Audio_User_Manual_CURRENT.pdf,CREATIVE_TRANSFORM Mac Family Installer,,,,READY_FOR_UPLOAD_URL,Upload family DMG/PKG to protected GoDaddy/WooCommerce storage and paste final download URL.,Family package matches the current release index.
DIH-FAM-UTILITY-OBSERVATION,UTILITY_OBSERVATION Family,Primary Family,Current primary family,UTILITY_OBSERVATION,SESHAT,1,$29,$49,/Users/hakeemsalaam/Development/DIH_BUILDS/DIH_FINISHED/release/DIHWorld_Audio_UTILITY_OBSERVATION_CURRENT_DEPLOY_20260701_083425/DMGs/Families/DIHWorld_Audio_UTILITY_OBSERVATION_Family_Installer_20260701_083425.dmg,742d1fd8b6c58582ea056e036dabdf6be904d215dde05e5abe71a82aa3b372f4,/Users/hakeemsalaam/Development/DIH_BUILDS/DIH_FINISHED/release/DIHWorld_Audio_UTILITY_OBSERVATION_CURRENT_DEPLOY_20260701_083425/PKGs/Families/DIHWorld_Audio_UTILITY_OBSERVATION_Family_Installer_20260701_083425.pkg,dd12851b4c4c3a1ce03bab4a43432e1eb41800ff2ece411ef474f942e51445f0,,,/Users/hakeemsalaam/Development/DIH_BUILDS/DIH_FINISHED/release/DIHWorld_Audio_UTILITY_OBSERVATION_CURRENT_DEPLOY_20260701_083425/SHA256SUMS.txt,/Users/hakeemsalaam/Development/DIH_BUILDS/DIH_FAMILIES/DIHWorld_Audio_User_Manual_CURRENT.pdf,UTILITY_OBSERVATION Mac Family Installer,,,,READY_FOR_UPLOAD_URL,Upload family DMG/PKG to protected GoDaddy/WooCommerce storage and paste final download URL.,Family package matches the current release index.
DIH-CORE-BUNDLE,DIH Core Bundle,Workflow Bundle,First public entry bundle with premium spatial value protected,MULTI_FAMILY,"SacredVerb, Cathedral, DEBO, DrumKrushGlue, Mariana",5,$249,$399,,,,,,,,/Users/hakeemsalaam/Development/DIH_BUILDS/DIH_FAMILIES/DIHWorld_Audio_User_Manual_CURRENT.pdf,DIH Core Bundle Installer,,,,PACKAGE_ASSEMBLY_NEEDED,"Create exact protected download package, then paste final WooCommerce download URL.",Workflow bundle does not yet have a dedicated bundle installer in the current release index.
DIH-BUNDLE-VOCAL-CAPTURE,Vocal Capture Bundle,Workflow Bundle,Storefront companion bundle,VOCAL_MIC_SOURCE,"GOLD, SILVER, WPR, AEGIS_NOVA, TRIPLER, EchoLocate",6,$199,$349,/Users/hakeemsalaam/Development/DIH_BUILDS/DIH_FINISHED/release/DIHWorld_Audio_VOCAL_MIC_SOURCE_CURRENT_DEPLOY_20260630_190721/DMGs/Families/DIHWorld_Audio_VOCAL_MIC_SOURCE_Family_Installer_20260630_190721.dmg,017194147eff04db6b2ec5b3a8a6b8201549a89a74a610cab5f9301cf7b207d9,/Users/hakeemsalaam/Development/DIH_BUILDS/DIH_FINISHED/release/DIHWorld_Audio_VOCAL_MIC_SOURCE_CURRENT_DEPLOY_20260630_190721/PKGs/Families/DIHWorld_Audio_VOCAL_MIC_SOURCE_Family_Installer_20260630_190721.pkg,623739ebf6dbaa9c01c1760ef1df2ecd731981f169aee78d1a83437b85584887,,,/Users/hakeemsalaam/Development/DIH_BUILDS/DIH_FINISHED/release/DIHWorld_Audio_VOCAL_MIC_SOURCE_CURRENT_DEPLOY_20260630_190721/SHA256SUMS.txt,/Users/hakeemsalaam/Development/DIH_BUILDS/DIH_FAMILIES/DIHWorld_Audio_User_Manual_CURRENT.pdf,Vocal Capture Bundle Installer,,,,READY_FOR_UPLOAD_URL,"Use matching family installer as fulfillment, then paste final WooCommerce download URL.",Workflow bundle is identical to a current primary family package.
DIH-BUNDLE-BASS-FOUNDATION,Bass Foundation Bundle,Workflow Bundle,Storefront companion bundle,BASS_LOW_END,"Mariana, Monolith, Depth Boost Pro, NTRPL",4,$129,$229,/Users/hakeemsalaam/Development/DIH_BUILDS/DIH_FINISHED/release/DIHWorld_Audio_BASS_LOW_END_CURRENT_DEPLOY_20260630_181755/DMGs/Families/DIHWorld_Audio_BASS_LOW_END_Family_Installer_20260630_181755.dmg,8e602d1300f86fbff931f3473ed9971353f8ceac615f86e4c499e5ee3931f9c9,/Users/hakeemsalaam/Development/DIH_BUILDS/DIH_FINISHED/release/DIHWorld_Audio_BASS_LOW_END_CURRENT_DEPLOY_20260630_181755/PKGs/Families/DIHWorld_Audio_BASS_LOW_END_Family_Installer_20260630_181755.pkg,c7f554b48d2eed2fac7a794e4a71a5f055deeb124fe3303837a16848b327a6ed,,,/Users/hakeemsalaam/Development/DIH_BUILDS/DIH_FINISHED/release/DIHWorld_Audio_BASS_LOW_END_CURRENT_DEPLOY_20260630_181755/SHA256SUMS.txt,/Users/hakeemsalaam/Development/DIH_BUILDS/DIH_FAMILIES/DIHWorld_Audio_User_Manual_CURRENT.pdf,Bass Foundation Bundle Installer,,,,READY_FOR_UPLOAD_URL,"Use matching family installer as fulfillment, then paste final WooCommerce download URL.",Workflow bundle is identical to a current primary family package.
DIH-BUNDLE-MASTER-BUS,Master Bus Bundle,Workflow Bundle,Storefront companion bundle,MULTI_FAMILY,"SPHYNX, MAAT, PLATINUM, HORIZON_X, IMHOTEP, ANKH, SESHAT",7,$249,$399,,,,,,,,/Users/hakeemsalaam/Development/DIH_BUILDS/DIH_FAMILIES/DIHWorld_Audio_User_Manual_CURRENT.pdf,Master Bus Bundle Installer,,,,PACKAGE_ASSEMBLY_NEEDED,"Create exact protected download package, then paste final WooCommerce download URL.",Workflow bundle does not yet have a dedicated bundle installer in the current release index.
DIH-BUNDLE-COLOR-AMP-TAPE,Color Amp Tape Bundle,Workflow Bundle,Storefront companion bundle,COLOR_AMP_TAPE,"APIS, PTAHTUBE, KHEPRI, SOVEREIGN",4,$129,$229,/Users/hakeemsalaam/Development/DIH_BUILDS/DIH_FINISHED/release/DIHWorld_Audio_COLOR_AMP_TAPE_CURRENT_DEPLOY_20260630_130135/DMGs/Families/DIHWorld_Audio_COLOR_AMP_TAPE_Family_Installer_20260630_130135.dmg,a4636cf58d627106e057330cea6d089b5b0598527b49bae845f11fd4e534a558,/Users/hakeemsalaam/Development/DIH_BUILDS/DIH_FINISHED/release/DIHWorld_Audio_COLOR_AMP_TAPE_CURRENT_DEPLOY_20260630_130135/PKGs/Families/DIHWorld_Audio_COLOR_AMP_TAPE_Family_Installer_20260630_130135.pkg,90d89e3ff5719fc06eb435db1f6472cdb6c9116b1d96be594d8f271c59ae8198,,,/Users/hakeemsalaam/Development/DIH_BUILDS/DIH_FINISHED/release/DIHWorld_Audio_COLOR_AMP_TAPE_CURRENT_DEPLOY_20260630_130135/SHA256SUMS.txt,/Users/hakeemsalaam/Development/DIH_BUILDS/DIH_FAMILIES/DIHWorld_Audio_User_Manual_CURRENT.pdf,Color Amp Tape Bundle Installer,,,,READY_FOR_UPLOAD_URL,"Use matching family installer as fulfillment, then paste final WooCommerce download URL.",Workflow bundle is identical to a current primary family package.
DIH-BUNDLE-SPATIAL-MOTION,Spatial Motion Bundle,Workflow Bundle,Premium spatial/motion companion bundle,MULTI_FAMILY,"DEPTH_IMPACT_HYBRID_X, PARALLAX, NSR, NTRSTLLR, Cathedral, SacredVerb",6,$299,$499,,,,,,,,/Users/hakeemsalaam/Development/DIH_BUILDS/DIH_FAMILIES/DIHWorld_Audio_User_Manual_CURRENT.pdf,Spatial Motion Bundle Installer,,,,PACKAGE_ASSEMBLY_NEEDED,"Create exact protected download package, then paste final WooCommerce download URL.",Workflow bundle does not yet have a dedicated bundle installer in the current release index.
DIH-BUNDLE-BEAT-BUILDER,Beat Builder Bundle,Workflow Bundle,Storefront companion bundle,MULTI_FAMILY,"DIH_DRUM_MORPHER, BALLPARK, DRUMKRUSHGLUE, ANUBIS, OTIS, DEBO, LOOKOUT",7,$249,$399,,,,,,,,/Users/hakeemsalaam/Development/DIH_BUILDS/DIH_FAMILIES/DIHWorld_Audio_User_Manual_CURRENT.pdf,Beat Builder Bundle Installer,,,,PACKAGE_ASSEMBLY_NEEDED,"Create exact protected download package, then paste final WooCommerce download URL.",Workflow bundle does not yet have a dedicated bundle installer in the current release index.
DIH-BUNDLE-CREATIVE-LAB,Creative Lab Bundle,Workflow Bundle,Storefront companion bundle,MULTI_FAMILY,"THOTH, TEHUTI, AU, SLOTMACHINE, ARCHAEOLOGIST_X, SERQET",6,$199,$349,,,,,,,,/Users/hakeemsalaam/Development/DIH_BUILDS/DIH_FAMILIES/DIHWorld_Audio_User_Manual_CURRENT.pdf,Creative Lab Bundle Installer,,,,PACKAGE_ASSEMBLY_NEEDED,"Create exact protected download package, then paste final WooCommerce download URL.",Workflow bundle does not yet have a dedicated bundle installer in the current release index.
DIH-COMPLETE-COLLECTION,Complete Collection,Bulk,Mac AU/VST3 plus Windows VST3 bulk release path,MULTI_FAMILY,All current 42 DIHWorld Audio plugins,42,$699,"$1,299",/Users/hakeemsalaam/Development/DIH_BUILDS/DIH_FINISHED/release/DIHWorld_Audio_ALL_FAMILIES_CURRENT_DEPLOY_20260701_085823/DMGs/Bulk/DIHWorld_Audio_ALL_FAMILIES_Complete_Installer_20260701_085823.dmg,,/Users/hakeemsalaam/Development/DIH_BUILDS/DIH_FINISHED/release/DIHWorld_Audio_ALL_FAMILIES_CURRENT_DEPLOY_20260701_085823/PKGs/Bulk/DIHWorld_Audio_ALL_FAMILIES_Complete_Installer_20260701_085823.pkg,,/Users/hakeemsalaam/Development/DIH_BUILDS/DIH_FINISHED/WINDOWS_RELEASE_20260702/DIHWorld_Audio_42_Plugin_Installer_Windows_x64.exe,7f237bf3e5a41642d459ea66c76dacc7c8293300faccd7194f581160f6e5974e,/Users/hakeemsalaam/Development/DIH_BUILDS/DIH_FINISHED/release/DIHWorld_Audio_ALL_FAMILIES_CURRENT_DEPLOY_20260701_085823/SHA256SUMS.txt,/Users/hakeemsalaam/Development/DIH_BUILDS/DIH_FAMILIES/DIHWorld_Audio_User_Manual_CURRENT.pdf,Complete Collection Installer,,,,READY_FOR_UPLOAD_URL,Upload Mac bulk installer and Windows installer to protected storage; attach both customer downloads.,Mac all-family bulk package plus Windows x64 VST3 bulk installer are current release artifacts.
DIH-BETTER-BUSES,DIHWorld Better Buses,Download,Use as free/gated lead magnet,,Logic channel-strip starter set,1,$0,$0,,,,,,,,,DIHWorld Better Buses ZIP,,,,DOWNLOAD_PACKAGE_NEEDED,"Export final Better Buses ZIP and choose free, gated, or paid delivery rules.","Lead magnet/tutorial package, not an audio plugin installer."
DIH-LEGACY-FOUNDER-LIFETIME,Legacy Founder Lifetime,Membership,Limited founder window / first 100 customers,MULTI_FAMILY,Complete Collection plus future DIHWorld Audio main-line plugin releases,42+,$999,"$1,499",/Users/hakeemsalaam/Development/DIH_BUILDS/DIH_FINISHED/release/DIHWorld_Audio_ALL_FAMILIES_CURRENT_DEPLOY_20260701_085823/DMGs/Bulk/DIHWorld_Audio_ALL_FAMILIES_Complete_Installer_20260701_085823.dmg,,/Users/hakeemsalaam/Development/DIH_BUILDS/DIH_FINISHED/release/DIHWorld_Audio_ALL_FAMILIES_CURRENT_DEPLOY_20260701_085823/PKGs/Bulk/DIHWorld_Audio_ALL_FAMILIES_Complete_Installer_20260701_085823.pkg,,/Users/hakeemsalaam/Development/DIH_BUILDS/DIH_FINISHED/WINDOWS_RELEASE_20260702/DIHWorld_Audio_42_Plugin_Installer_Windows_x64.exe,7f237bf3e5a41642d459ea66c76dacc7c8293300faccd7194f581160f6e5974e,/Users/hakeemsalaam/Development/DIH_BUILDS/DIH_FINISHED/release/DIHWorld_Audio_ALL_FAMILIES_CURRENT_DEPLOY_20260701_085823/SHA256SUMS.txt,/Users/hakeemsalaam/Development/DIH_BUILDS/DIH_FAMILIES/DIHWorld_Audio_User_Manual_CURRENT.pdf,Legacy Founder Lifetime Installer,,,,TERMS_NEEDED,"Approve lifetime terms, update license/customer-account rules, then attach Complete Collection downloads.",Use Complete Collection artifacts as the first entitlement; future-release terms still need approval.
DIH-LEGACY-LIFETIME,Legacy Lifetime Membership,Membership,Standard lifetime offer,MULTI_FAMILY,Complete Collection plus future DIHWorld Audio main-line plugin releases,42+,"$1,499","$1,999",/Users/hakeemsalaam/Development/DIH_BUILDS/DIH_FINISHED/release/DIHWorld_Audio_ALL_FAMILIES_CURRENT_DEPLOY_20260701_085823/DMGs/Bulk/DIHWorld_Audio_ALL_FAMILIES_Complete_Installer_20260701_085823.dmg,,/Users/hakeemsalaam/Development/DIH_BUILDS/DIH_FINISHED/release/DIHWorld_Audio_ALL_FAMILIES_CURRENT_DEPLOY_20260701_085823/PKGs/Bulk/DIHWorld_Audio_ALL_FAMILIES_Complete_Installer_20260701_085823.pkg,,/Users/hakeemsalaam/Development/DIH_BUILDS/DIH_FINISHED/WINDOWS_RELEASE_20260702/DIHWorld_Audio_42_Plugin_Installer_Windows_x64.exe,7f237bf3e5a41642d459ea66c76dacc7c8293300faccd7194f581160f6e5974e,/Users/hakeemsalaam/Development/DIH_BUILDS/DIH_FINISHED/release/DIHWorld_Audio_ALL_FAMILIES_CURRENT_DEPLOY_20260701_085823/SHA256SUMS.txt,/Users/hakeemsalaam/Development/DIH_BUILDS/DIH_FAMILIES/DIHWorld_Audio_User_Manual_CURRENT.pdf,Legacy Lifetime Membership Installer,,,,TERMS_NEEDED,"Approve lifetime terms, update license/customer-account rules, then attach Complete Collection downloads.",Use Complete Collection artifacts as the first entitlement; future-release terms still need approval.
DIH-LEGACY-STUDIO-LIFETIME,Legacy Studio Lifetime,Membership,Draft studio/team tier,MULTI_FAMILY,Legacy lifetime terms for up to 5 seats,42+,"$2,499","$2,999",/Users/hakeemsalaam/Development/DIH_BUILDS/DIH_FINISHED/release/DIHWorld_Audio_ALL_FAMILIES_CURRENT_DEPLOY_20260701_085823/DMGs/Bulk/DIHWorld_Audio_ALL_FAMILIES_Complete_Installer_20260701_085823.dmg,,/Users/hakeemsalaam/Development/DIH_BUILDS/DIH_FINISHED/release/DIHWorld_Audio_ALL_FAMILIES_CURRENT_DEPLOY_20260701_085823/PKGs/Bulk/DIHWorld_Audio_ALL_FAMILIES_Complete_Installer_20260701_085823.pkg,,/Users/hakeemsalaam/Development/DIH_BUILDS/DIH_FINISHED/WINDOWS_RELEASE_20260702/DIHWorld_Audio_42_Plugin_Installer_Windows_x64.exe,7f237bf3e5a41642d459ea66c76dacc7c8293300faccd7194f581160f6e5974e,/Users/hakeemsalaam/Development/DIH_BUILDS/DIH_FINISHED/release/DIHWorld_Audio_ALL_FAMILIES_CURRENT_DEPLOY_20260701_085823/SHA256SUMS.txt,/Users/hakeemsalaam/Development/DIH_BUILDS/DIH_FAMILIES/DIHWorld_Audio_User_Manual_CURRENT.pdf,Legacy Studio Lifetime Installer,,,,TERMS_NEEDED,"Approve lifetime terms, update license/customer-account rules, then attach Complete Collection downloads.",Use Complete Collection artifacts as the first entitlement; future-release terms still need approval.
